갈래	주소	lastmod	주기	우선순위
pages	https://jiwon.knowhow-it.com		daily	1
pages	https://jiwon.knowhow-it.com/business		daily	0.9
pages	https://jiwon.knowhow-it.com/policies		daily	0.9
pages	https://jiwon.knowhow-it.com/topic		weekly	0.8
pages	https://jiwon.knowhow-it.com/topic/housing		daily	0.8
pages	https://jiwon.knowhow-it.com/topic/jobs		daily	0.8
pages	https://jiwon.knowhow-it.com/topic/education		daily	0.8
pages	https://jiwon.knowhow-it.com/topic/health		daily	0.8
pages	https://jiwon.knowhow-it.com/topic/pregnancy		daily	0.8
pages	https://jiwon.knowhow-it.com/topic/living		daily	0.8
pages	https://jiwon.knowhow-it.com/topic/care		daily	0.8
pages	https://jiwon.knowhow-it.com/topic/finance		daily	0.8
pages	https://jiwon.knowhow-it.com/topic/safety		daily	0.8
pages	https://jiwon.knowhow-it.com/topic/mental		daily	0.8
pages	https://jiwon.knowhow-it.com/topic/childcare		daily	0.8
pages	https://jiwon.knowhow-it.com/topic/adoption		daily	0.8
pages	https://jiwon.knowhow-it.com/topic/culture		daily	0.8
pages	https://jiwon.knowhow-it.com/topic/energy		daily	0.8
pages	https://jiwon.knowhow-it.com/topic/legal		daily	0.8
pages	https://jiwon.knowhow-it.com/money		weekly	0.8
pages	https://jiwon.knowhow-it.com/money/jeonse		daily	0.8
pages	https://jiwon.knowhow-it.com/money/home-loan		weekly	0.8
pages	https://jiwon.knowhow-it.com/money/student-loan		weekly	0.8
pages	https://jiwon.knowhow-it.com/license		weekly	0.8
pages	https://jiwon.knowhow-it.com/license/pro		weekly	0.7
pages	https://jiwon.knowhow-it.com/license/schedule		daily	0.8
pages	https://jiwon.knowhow-it.com/jobs		daily	0.8
pages	https://jiwon.knowhow-it.com/jobs/region		daily	0.8
pages	https://jiwon.knowhow-it.com/jobs/org		daily	0.8
pages	https://jiwon.knowhow-it.com/jobs/overseas		daily	0.7
pages	https://jiwon.knowhow-it.com/jobs/majors		yearly	0.7
pages	https://jiwon.knowhow-it.com/agency		daily	0.8
pages	https://jiwon.knowhow-it.com/agency/events		daily	0.7
pages	https://jiwon.knowhow-it.com/agency/facilities		weekly	0.7
pages	https://jiwon.knowhow-it.com/free		monthly	0.7
pages	https://jiwon.knowhow-it.com/business/search		weekly	0.8
pages	https://jiwon.knowhow-it.com/map		daily	0.8
pages	https://jiwon.knowhow-it.com/about		monthly	0.7
pages	https://jiwon.knowhow-it.com/blog		weekly	0.8
pages	https://jiwon.knowhow-it.com/story		weekly	0.7
pages	https://jiwon.knowhow-it.com/housing		daily	0.9
pages	https://jiwon.knowhow-it.com/privacy		yearly	0.2
programs	https://jiwon.knowhow-it.com/area/경기도		weekly	0.9
programs	https://jiwon.knowhow-it.com/area/전남광주통합특별시		weekly	0.9
programs	https://jiwon.knowhow-it.com/area/경상남도		weekly	0.9
programs	https://jiwon.knowhow-it.com/area/서울특별시		weekly	0.9
programs	https://jiwon.knowhow-it.com/area/전북특별자치도		weekly	0.9
programs	https://jiwon.knowhow-it.com/area/강원특별자치도		weekly	0.9
programs	https://jiwon.knowhow-it.com/area/충청남도		weekly	0.9
programs	https://jiwon.knowhow-it.com/area/충청북도		weekly	0.9
programs	https://jiwon.knowhow-it.com/area/경상북도		weekly	0.9
programs	https://jiwon.knowhow-it.com/area/부산광역시		weekly	0.9
programs	https://jiwon.knowhow-it.com/area/인천광역시		weekly	0.9
programs	https://jiwon.knowhow-it.com/area/대구광역시		weekly	0.9
programs	https://jiwon.knowhow-it.com/area/제주특별자치도		weekly	0.9
programs	https://jiwon.knowhow-it.com/area/울산광역시		weekly	0.9
programs	https://jiwon.knowhow-it.com/area/대전광역시		weekly	0.9
programs	https://jiwon.knowhow-it.com/area/세종특별자치시		weekly	0.9
programs	https://jiwon.knowhow-it.com/p/WLF00002058	2026-10-07	weekly	0.7
programs	https://jiwon.knowhow-it.com/p/WLF00003059	2026-10-07	weekly	0.7
programs	https://jiwon.knowhow-it.com/p/WLF00005246	2026-10-07	weekly	0.7
programs	https://jiwon.knowhow-it.com/p/WLF00000092	2026-10-07	weekly	0.7
programs	https://jiwon.knowhow-it.com/p/WLF00001707	2026-10-07	weekly	0.7
programs	https://jiwon.knowhow-it.com/p/WLF00003164	2026-10-07	weekly	0.7
programs	https://jiwon.knowhow-it.com/p/WLF00006135	2026-10-07	weekly	0.7
programs	https://jiwon.knowhow-it.com/p/WLF00005847	2026-10-07	weekly	0.7
programs	https://jiwon.knowhow-it.com/p/WLF00005822	2026-10-07	weekly	0.7
programs	https://jiwon.knowhow-it.com/p/WLF00004244	2026-10-07	weekly	0.7
programs	https://jiwon.knowhow-it.com/p/WLF00004032	2026-10-07	weekly	0.7
programs	https://jiwon.knowhow-it.com/p/WLF00006181	2026-10-07	weekly	0.7
programs	https://jiwon.knowhow-it.com/p/WLF00003344	2026-10-07	weekly	0.7
programs	https://jiwon.knowhow-it.com/p/WLF00005413	2026-10-07	weekly	0.7
programs	https://jiwon.knowhow-it.com/p/WLF00004245	2026-10-07	weekly	0.7
programs	https://jiwon.knowhow-it.com/p/PBLN_000000000124676	2026-10-07	weekly	0.7
programs	https://jiwon.knowhow-it.com/p/WLF00006350	2026-10-07	weekly	0.7
programs	https://jiwon.knowhow-it.com/p/PBLN_000000000121148	2026-10-07	weekly	0.7
programs	https://jiwon.knowhow-it.com/p/WLF00006681	2026-10-07	weekly	0.7
programs	https://jiwon.knowhow-it.com/p/WLF00000026	2026-10-07	weekly	0.7
programs	https://jiwon.knowhow-it.com/p/WLF00003262	2026-10-07	weekly	0.7
programs	https://jiwon.knowhow-it.com/p/WLF00004034	2026-10-07	weekly	0.7
programs	https://jiwon.knowhow-it.com/p/PBLN_000000000117597	2026-10-07	weekly	0.7
programs	https://jiwon.knowhow-it.com/p/WLF00005540	2026-10-07	weekly	0.7
programs	https://jiwon.knowhow-it.com/p/WLF00006754	2026-10-07	weekly	0.7
programs	https://jiwon.knowhow-it.com/p/WLF00006599	2026-10-07	weekly	0.7
programs	https://jiwon.knowhow-it.com/p/WLF00001783	2026-10-07	weekly	0.7
programs	https://jiwon.knowhow-it.com/p/WLF00003040	2026-10-07	weekly	0.7
programs	https://jiwon.knowhow-it.com/p/WLF00002621	2026-10-07	weekly	0.7
programs	https://jiwon.knowhow-it.com/p/WLF00005418	2026-10-07	weekly	0.7
programs	https://jiwon.knowhow-it.com/p/WLF00006715	2026-10-07	weekly	0.7
programs	https://jiwon.knowhow-it.com/p/WLF00002982	2026-10-07	weekly	0.7
programs	https://jiwon.knowhow-it.com/p/PBLN_000000000125281	2026-10-07	weekly	0.7
programs	https://jiwon.knowhow-it.com/p/WLF00006697	2026-10-07	weekly	0.7
programs	https://jiwon.knowhow-it.com/p/WLF00005855	2026-10-07	weekly	0.7
programs	https://jiwon.knowhow-it.com/p/PBLN_000000000122563	2026-10-07	weekly	0.7
programs	https://jiwon.knowhow-it.com/p/PBLN_000000000122238	2026-10-07	weekly	0.7
programs	https://jiwon.knowhow-it.com/p/PBLN_000000000121568	2026-09-06	weekly	0.7
programs	https://jiwon.knowhow-it.com/p/PBLN_000000000125611	2026-09-16	weekly	0.7
programs	https://jiwon.knowhow-it.com/p/PBLN_000000000123743	2026-10-07	weekly	0.7
programs	https://jiwon.knowhow-it.com/p/PBLN_000000000119321	2026-10-07	weekly	0.7
programs	https://jiwon.knowhow-it.com/p/PBLN_000000000118496	2026-10-07	weekly	0.7
programs	https://jiwon.knowhow-it.com/p/PBLN_000000000126016	2026-09-10	weekly	0.7
programs	https://jiwon.knowhow-it.com/p/WLF00005528	2026-10-07	weekly	0.7
programs	https://jiwon.knowhow-it.com/p/WLF00003609	2026-10-07	weekly	0.7
programs	https://jiwon.knowhow-it.com/p/WLF00001021	2026-10-07	weekly	0.7
programs	https://jiwon.knowhow-it.com/p/WLF00000549	2026-10-07	weekly	0.7
programs	https://jiwon.knowhow-it.com/p/PBLN_000000000126106	2026-09-29	weekly	0.7
programs	https://jiwon.knowhow-it.com/p/WLF00003617	2026-10-07	weekly	0.7
programs	https://jiwon.knowhow-it.com/p/PBLN_000000000117583	2026-10-07	weekly	0.7
programs	https://jiwon.knowhow-it.com/p/WLF00000488	2026-10-07	weekly	0.7
programs	https://jiwon.knowhow-it.com/p/WLF00001974	2026-10-07	weekly	0.7
programs	https://jiwon.knowhow-it.com/p/WLF00003796	2026-10-07	weekly	0.7
programs	https://jiwon.knowhow-it.com/p/WLF00006601	2026-10-07	weekly	0.7
programs	https://jiwon.knowhow-it.com/p/WLF00005808	2026-10-07	weekly	0.7
programs	https://jiwon.knowhow-it.com/p/WLF00005666	2026-10-07	weekly	0.7
programs	https://jiwon.knowhow-it.com/p/WLF00004481	2026-10-07	weekly	0.7
programs	https://jiwon.knowhow-it.com/p/WLF00003682	2026-10-07	weekly	0.7
programs	https://jiwon.knowhow-it.com/p/WLF00005203	2026-10-07	weekly	0.7
programs	https://jiwon.knowhow-it.com/p/WLF00004493	2026-10-07	weekly	0.7
programs	https://jiwon.knowhow-it.com/p/WLF00001926	2026-10-07	weekly	0.7
programs	https://jiwon.knowhow-it.com/p/WLF00001583	2026-10-07	weekly	0.7
programs	https://jiwon.knowhow-it.com/p/PBLN_000000000125941	2026-09-08	weekly	0.7
programs	https://jiwon.knowhow-it.com/p/WLF00005627	2026-10-07	weekly	0.7
programs	https://jiwon.knowhow-it.com/p/WLF00004987	2026-10-07	weekly	0.7
programs	https://jiwon.knowhow-it.com/p/WLF00001615	2026-10-07	weekly	0.7
programs	https://jiwon.knowhow-it.com/p/WLF00004081	2026-10-07	weekly	0.7
programs	https://jiwon.knowhow-it.com/p/PBLN_000000000125938	2026-09-08	weekly	0.7
programs	https://jiwon.knowhow-it.com/p/WLF00000915	2026-10-07	weekly	0.7
programs	https://jiwon.knowhow-it.com/p/WLF00001332	2026-10-07	weekly	0.7
programs	https://jiwon.knowhow-it.com/p/PBLN_000000000123795	2026-10-07	weekly	0.7
programs	https://jiwon.knowhow-it.com/p/PBLN_000000000122718	2026-10-07	weekly	0.7
programs	https://jiwon.knowhow-it.com/p/PBLN_000000000122716	2026-10-07	weekly	0.7
programs	https://jiwon.knowhow-it.com/p/PBLN_000000000122564	2026-10-07	weekly	0.7
programs	https://jiwon.knowhow-it.com/p/PBLN_000000000122255	2026-10-07	weekly	0.7
programs	https://jiwon.knowhow-it.com/p/PBLN_000000000122247	2026-10-07	weekly	0.7
programs	https://jiwon.knowhow-it.com/p/WLF00001012	2026-10-07	weekly	0.7
programs	https://jiwon.knowhow-it.com/p/PBLN_000000000121466	2026-10-07	weekly	0.7
programs	https://jiwon.knowhow-it.com/p/WLF00000876	2026-10-07	weekly	0.7
programs	https://jiwon.knowhow-it.com/p/WLF00002158	2026-10-07	weekly	0.7
programs	https://jiwon.knowhow-it.com/p/WLF00002157	2026-10-07	weekly	0.7
programs	https://jiwon.knowhow-it.com/p/WLF00005799	2026-10-07	weekly	0.7
programs	https://jiwon.knowhow-it.com/p/WLF00006661	2026-10-07	weekly	0.7
programs	https://jiwon.knowhow-it.com/p/WLF00005849	2026-10-07	weekly	0.7
programs	https://jiwon.knowhow-it.com/p/PBLN_000000000118943	2026-10-07	weekly	0.7
programs	https://jiwon.knowhow-it.com/p/WLF00005966	2026-10-07	weekly	0.7
programs	https://jiwon.knowhow-it.com/p/L149	2026-10-07	weekly	0.7
programs	https://jiwon.knowhow-it.com/p/WLF00003397	2026-10-07	weekly	0.7
programs	https://jiwon.knowhow-it.com/p/WLF00005368	2026-10-07	weekly	0.7
programs	https://jiwon.knowhow-it.com/p/WLF00001145	2026-10-07	weekly	0.7
programs	https://jiwon.knowhow-it.com/p/WLF00003279	2026-10-07	weekly	0.7
programs	https://jiwon.knowhow-it.com/p/WLF00006772	2026-10-07	weekly	0.7
programs	https://jiwon.knowhow-it.com/p/PBLN_000000000117943	2026-10-07	weekly	0.7
programs	https://jiwon.knowhow-it.com/p/WLF00005023	2026-10-07	weekly	0.7
programs	https://jiwon.knowhow-it.com/p/WLF00003805	2026-10-07	weekly	0.7
programs	https://jiwon.knowhow-it.com/p/WLF00002121	2026-10-07	weekly	0.7
programs	https://jiwon.knowhow-it.com/p/WLF00002106	2026-10-07	weekly	0.7
programs	https://jiwon.knowhow-it.com/p/WLF00001283	2026-10-07	weekly	0.7
programs	https://jiwon.knowhow-it.com/p/PBLN_000000000117147	2026-10-07	weekly	0.7
programs	https://jiwon.knowhow-it.com/p/PBLN_000000000117603	2026-10-07	weekly	0.7
programs	https://jiwon.knowhow-it.com/p/PBLN_000000000126156	2026-09-29	weekly	0.7
programs	https://jiwon.knowhow-it.com/p/WLF00005638	2026-10-07	weekly	0.7
programs	https://jiwon.knowhow-it.com/p/WLF00005482	2026-10-07	weekly	0.7
programs	https://jiwon.knowhow-it.com/p/PBLN_000000000117498	2026-10-07	weekly	0.7
programs	https://jiwon.knowhow-it.com/p/WLF00003578	2026-10-07	weekly	0.7
programs	https://jiwon.knowhow-it.com/p/WLF00002009	2026-10-07	weekly	0.7
programs	https://jiwon.knowhow-it.com/p/WLF00003590	2026-10-07	weekly	0.7
programs	https://jiwon.knowhow-it.com/p/WLF00004207	2026-10-07	weekly	0.7
programs	https://jiwon.knowhow-it.com/p/WLF00006616	2026-10-07	weekly	0.7
programs	https://jiwon.knowhow-it.com/p/WLF00006610	2026-10-07	weekly	0.7
programs	https://jiwon.knowhow-it.com/p/WLF00006006	2026-10-07	weekly	0.7
programs	https://jiwon.knowhow-it.com/p/WLF00005865	2026-10-07	weekly	0.7
programs	https://jiwon.knowhow-it.com/p/WLF00004502	2026-10-07	weekly	0.7
programs	https://jiwon.knowhow-it.com/p/PBLN_000000000125716	2026-09-08	weekly	0.7
programs	https://jiwon.knowhow-it.com/p/WLF00005546	2026-10-07	weekly	0.7
programs	https://jiwon.knowhow-it.com/p/WLF00004810	2026-10-07	weekly	0.7
programs	https://jiwon.knowhow-it.com/p/WLF00000206	2026-10-07	weekly	0.7
programs	https://jiwon.knowhow-it.com/p/WLF00001933	2026-10-07	weekly	0.7
programs	https://jiwon.knowhow-it.com/p/WLF00005539	2026-10-07	weekly	0.7
programs	https://jiwon.knowhow-it.com/p/WLF00006194	2026-10-07	weekly	0.7
programs	https://jiwon.knowhow-it.com/p/WLF00005212	2026-10-07	weekly	0.7
programs	https://jiwon.knowhow-it.com/p/WLF00004112	2026-10-07	weekly	0.7
programs	https://jiwon.knowhow-it.com/p/WLF00002171	2026-10-07	weekly	0.7
programs	https://jiwon.knowhow-it.com/p/WLF00001020	2026-10-07	weekly	0.7
programs	https://jiwon.knowhow-it.com/p/WLF00002249	2026-10-07	weekly	0.7
programs	https://jiwon.knowhow-it.com/p/WLF00002665	2026-10-07	weekly	0.7
programs	https://jiwon.knowhow-it.com/p/WLF00005860	2026-10-07	weekly	0.7
programs	https://jiwon.knowhow-it.com/p/PBLN_000000000125869	2026-09-22	weekly	0.7
programs	https://jiwon.knowhow-it.com/p/WLF00006051	2026-10-07	weekly	0.7
programs	https://jiwon.knowhow-it.com/p/WLF00001312	2026-10-07	weekly	0.7
programs	https://jiwon.knowhow-it.com/p/WLF00003878	2026-10-07	weekly	0.7
programs	https://jiwon.knowhow-it.com/p/WLF00005181	2026-10-07	weekly	0.7
programs	https://jiwon.knowhow-it.com/p/WLF00001932	2026-10-07	weekly	0.7
programs	https://jiwon.knowhow-it.com/p/WLF00001760	2026-10-07	weekly	0.7
programs	https://jiwon.knowhow-it.com/p/WLF00003714	2026-10-07	weekly	0.7
programs	https://jiwon.knowhow-it.com/p/WLF00001590	2026-10-07	weekly	0.7
programs	https://jiwon.knowhow-it.com/p/PBLN_000000000126102	2026-10-07	weekly	0.7
programs	https://jiwon.knowhow-it.com/p/PBLN_000000000125449	2026-10-07	weekly	0.7
programs	https://jiwon.knowhow-it.com/p/WLF00005428	2026-10-07	weekly	0.7
programs	https://jiwon.knowhow-it.com/p/PBLN_000000000125057	2026-10-07	weekly	0.7
programs	https://jiwon.knowhow-it.com/p/WLF00004510	2026-10-07	weekly	0.7
programs	https://jiwon.knowhow-it.com/p/WLF00005037	2026-10-07	weekly	0.7
programs	https://jiwon.knowhow-it.com/p/PBLN_000000000124179	2026-10-07	weekly	0.7
programs	https://jiwon.knowhow-it.com/p/PBLN_000000000123844	2026-10-07	weekly	0.7
programs	https://jiwon.knowhow-it.com/p/PBLN_000000000123056	2026-10-07	weekly	0.7
programs	https://jiwon.knowhow-it.com/p/WLF00004175	2026-10-07	weekly	0.7
programs	https://jiwon.knowhow-it.com/p/WLF00006494	2026-10-07	weekly	0.7
programs	https://jiwon.knowhow-it.com/p/WLF00006513	2026-10-07	weekly	0.7
programs	https://jiwon.knowhow-it.com/p/PBLN_000000000122713	2026-10-07	weekly	0.7
programs	https://jiwon.knowhow-it.com/p/PBLN_000000000122613	2026-10-07	weekly	0.7
programs	https://jiwon.knowhow-it.com/p/WLF00004655	2026-10-07	weekly	0.7
programs	https://jiwon.knowhow-it.com/p/WLF00006096	2026-10-07	weekly	0.7
programs	https://jiwon.knowhow-it.com/p/PBLN_000000000122254	2026-10-07	weekly	0.7
programs	https://jiwon.knowhow-it.com/p/PBLN_000000000122249	2026-10-07	weekly	0.7
programs	https://jiwon.knowhow-it.com/p/WLF00003171	2026-10-07	weekly	0.7
programs	https://jiwon.knowhow-it.com/p/PBLN_000000000122227	2026-10-07	weekly	0.7
programs	https://jiwon.knowhow-it.com/p/PBLN_000000000121762	2026-10-07	weekly	0.7
programs	https://jiwon.knowhow-it.com/p/PBLN_000000000121467	2026-10-07	weekly	0.7
programs	https://jiwon.knowhow-it.com/p/WLF00004638	2026-10-07	weekly	0.7
programs	https://jiwon.knowhow-it.com/p/WLF00006409	2026-10-07	weekly	0.7
programs	https://jiwon.knowhow-it.com/p/PBLN_000000000121001	2026-10-07	weekly	0.7
programs	https://jiwon.knowhow-it.com/p/WLF00006693	2026-10-07	weekly	0.7
programs	https://jiwon.knowhow-it.com/p/WLF00002170	2026-10-07	weekly	0.7
programs	https://jiwon.knowhow-it.com/p/WLF00003393	2026-10-07	weekly	0.7
programs	https://jiwon.knowhow-it.com/p/PBLN_000000000120177	2026-10-07	weekly	0.7
programs	https://jiwon.knowhow-it.com/p/PBLN_000000000125434	2026-09-17	weekly	0.7
programs	https://jiwon.knowhow-it.com/p/WLF00004649	2026-10-07	weekly	0.7
programs	https://jiwon.knowhow-it.com/p/PBLN_000000000119719	2026-10-07	weekly	0.7
programs	https://jiwon.knowhow-it.com/p/PBLN_000000000119454	2026-10-07	weekly	0.7
programs	https://jiwon.knowhow-it.com/p/PBLN_000000000119420	2026-10-07	weekly	0.7
programs	https://jiwon.knowhow-it.com/p/WLF00005035	2026-10-07	weekly	0.7
programs	https://jiwon.knowhow-it.com/p/WLF00006137	2026-10-07	weekly	0.7
programs	https://jiwon.knowhow-it.com/p/WLF00005451	2026-10-07	weekly	0.7
programs	https://jiwon.knowhow-it.com/p/PBLN_000000000116487	2026-09-30	weekly	0.7
programs	https://jiwon.knowhow-it.com/p/WLF00004997	2026-10-07	weekly	0.7
programs	https://jiwon.knowhow-it.com/p/WLF00003177	2026-10-07	weekly	0.7
programs	https://jiwon.knowhow-it.com/p/PBLN_000000000118237	2026-10-07	weekly	0.7
programs	https://jiwon.knowhow-it.com/p/WLF00001164	2026-10-07	weekly	0.7
programs	https://jiwon.knowhow-it.com/p/WLF00000055	2026-10-07	weekly	0.7
programs	https://jiwon.knowhow-it.com/p/WLF00005404	2026-10-07	weekly	0.7
programs	https://jiwon.knowhow-it.com/p/PBLN_000000000125608	2026-09-10	weekly	0.7
programs	https://jiwon.knowhow-it.com/p/WLF00005153	2026-10-07	weekly	0.7
programs	https://jiwon.knowhow-it.com/p/WLF00005340	2026-10-07	weekly	0.7
programs	https://jiwon.knowhow-it.com/p/PBLN_000000000117948	2026-10-07	weekly	0.7
programs	https://jiwon.knowhow-it.com/p/PBLN_000000000117973	2026-10-07	weekly	0.7
programs	https://jiwon.knowhow-it.com/p/WLF00006774	2026-10-07	weekly	0.7
programs	https://jiwon.knowhow-it.com/p/WLF00004681	2026-10-07	weekly	0.7
programs	https://jiwon.knowhow-it.com/p/PBLN_000000000117945	2026-10-07	weekly	0.7
programs	https://jiwon.knowhow-it.com/p/WLF00004409	2026-10-07	weekly	0.7
programs	https://jiwon.knowhow-it.com/p/WLF00003259	2026-10-07	weekly	0.7
programs	https://jiwon.knowhow-it.com/p/WLF00002838	2026-10-07	weekly	0.7
programs	https://jiwon.knowhow-it.com/p/PBLN_000000000117728	2026-10-07	weekly	0.7
programs	https://jiwon.knowhow-it.com/p/WLF00003337	2026-10-07	weekly	0.7
programs	https://jiwon.knowhow-it.com/p/WLF00000091	2026-10-07	weekly	0.7
programs	https://jiwon.knowhow-it.com/p/WLF00000599	2026-10-07	weekly	0.7
programs	https://jiwon.knowhow-it.com/p/WLF00000147	2026-10-07	weekly	0.7
programs	https://jiwon.knowhow-it.com/p/WLF00006024	2026-10-07	weekly	0.7
programs	https://jiwon.knowhow-it.com/p/WLF00001219	2026-10-07	weekly	0.7
programs	https://jiwon.knowhow-it.com/p/PBLN_000000000120166	2026-09-30	weekly	0.7
programs	https://jiwon.knowhow-it.com/p/WLF00002428	2026-10-07	weekly	0.7
programs	https://jiwon.knowhow-it.com/p/WLF00002285	2026-10-07	weekly	0.7
programs	https://jiwon.knowhow-it.com/p/WLF00002025	2026-10-07	weekly	0.7
programs	https://jiwon.knowhow-it.com/p/WLF00002984	2026-10-07	weekly	0.7
programs	https://jiwon.knowhow-it.com/p/WLF00002975	2026-10-07	weekly	0.7
programs	https://jiwon.knowhow-it.com/p/WLF00001138	2026-10-07	weekly	0.7
programs	https://jiwon.knowhow-it.com/p/PBLN_000000000126134	2026-09-29	weekly	0.7
programs	https://jiwon.knowhow-it.com/p/WLF00003799	2026-10-07	weekly	0.7
programs	https://jiwon.knowhow-it.com/p/WLF00005506	2026-10-07	weekly	0.7
programs	https://jiwon.knowhow-it.com/p/WLF00005019	2026-10-07	weekly	0.7
programs	https://jiwon.knowhow-it.com/p/WLF00005293	2026-10-07	weekly	0.7
programs	https://jiwon.knowhow-it.com/p/PBLN_000000000126019	2026-09-22	weekly	0.7
programs	https://jiwon.knowhow-it.com/p/PBLN_000000000125451	2026-10-06	weekly	0.7
programs	https://jiwon.knowhow-it.com/p/WLF00006056	2026-10-07	weekly	0.7
programs	https://jiwon.knowhow-it.com/p/WLF00001109	2026-10-07	weekly	0.7
programs	https://jiwon.knowhow-it.com/p/WLF00000438	2026-10-07	weekly	0.7
programs	https://jiwon.knowhow-it.com/p/WLF00002680	2026-10-07	weekly	0.7
programs	https://jiwon.knowhow-it.com/p/WLF00005654	2026-10-07	weekly	0.7
programs	https://jiwon.knowhow-it.com/p/WLF00000639	2026-10-07	weekly	0.7
programs	https://jiwon.knowhow-it.com/p/WLF00000441	2026-10-07	weekly	0.7
programs	https://jiwon.knowhow-it.com/p/WLF00002804	2026-10-07	weekly	0.7
programs	https://jiwon.knowhow-it.com/p/PBLN_000000000123126	2026-09-30	weekly	0.7
programs	https://jiwon.knowhow-it.com/p/WLF00006613	2026-10-07	weekly	0.7
programs	https://jiwon.knowhow-it.com/p/WLF00003227	2026-10-07	weekly	0.7
programs	https://jiwon.knowhow-it.com/p/WLF00006116	2026-10-07	weekly	0.7
programs	https://jiwon.knowhow-it.com/p/WLF00005970	2026-10-07	weekly	0.7
programs	https://jiwon.knowhow-it.com/p/WLF00005969	2026-10-07	weekly	0.7
programs	https://jiwon.knowhow-it.com/p/WLF00003195	2026-10-07	weekly	0.7
programs	https://jiwon.knowhow-it.com/p/WLF00006304	2026-10-07	weekly	0.7
programs	https://jiwon.knowhow-it.com/p/WLF00003192	2026-10-07	weekly	0.7
programs	https://jiwon.knowhow-it.com/p/WLF00005781	2026-10-07	weekly	0.7
programs	https://jiwon.knowhow-it.com/p/WLF00006114	2026-10-07	weekly	0.7
programs	https://jiwon.knowhow-it.com/p/WLF00006776	2026-10-07	weekly	0.7
programs	https://jiwon.knowhow-it.com/p/WLF00000062	2026-10-07	weekly	0.7
programs	https://jiwon.knowhow-it.com/p/WLF00001438	2026-10-07	weekly	0.7
programs	https://jiwon.knowhow-it.com/p/PBLN_000000000120877	2026-10-07	weekly	0.7
programs	https://jiwon.knowhow-it.com/p/WLF00004037	2026-10-07	weekly	0.7
programs	https://jiwon.knowhow-it.com/p/WLF00001597	2026-10-07	weekly	0.7
programs	https://jiwon.knowhow-it.com/p/WLF00004201	2026-10-07	weekly	0.7
programs	https://jiwon.knowhow-it.com/p/WLF00000078	2026-10-07	weekly	0.7
programs	https://jiwon.knowhow-it.com/p/WLF00006266	2026-10-07	weekly	0.7
programs	https://jiwon.knowhow-it.com/p/WLF00004516	2026-10-07	weekly	0.7
programs	https://jiwon.knowhow-it.com/p/WLF00004651	2026-10-07	weekly	0.7
programs	https://jiwon.knowhow-it.com/p/WLF00006265	2026-10-07	weekly	0.7
programs	https://jiwon.knowhow-it.com/p/WLF00003167	2026-10-07	weekly	0.7
programs	https://jiwon.knowhow-it.com/p/WLF00002613	2026-10-07	weekly	0.7
programs	https://jiwon.knowhow-it.com/p/WLF00003188	2026-10-07	weekly	0.7
programs	https://jiwon.knowhow-it.com/p/WLF00000060	2026-10-07	weekly	0.7
programs	https://jiwon.knowhow-it.com/p/WLF00001289	2026-10-07	weekly	0.7
programs	https://jiwon.knowhow-it.com/p/WLF00003729	2026-10-07	weekly	0.7
programs	https://jiwon.knowhow-it.com/p/WLF00006187	2026-10-07	weekly	0.7
programs	https://jiwon.knowhow-it.com/p/WLF00006718	2026-10-07	weekly	0.7
programs	https://jiwon.knowhow-it.com/p/WLF00004340	2026-10-07	weekly	0.7
programs	https://jiwon.knowhow-it.com/p/WLF00001691	2026-10-07	weekly	0.7
programs	https://jiwon.knowhow-it.com/p/WLF00005449	2026-10-07	weekly	0.7
programs	https://jiwon.knowhow-it.com/p/WLF00004720	2026-10-07	weekly	0.7
programs	https://jiwon.knowhow-it.com/p/WLF00003276	2026-10-07	weekly	0.7
programs	https://jiwon.knowhow-it.com/p/WLF00002558	2026-10-07	weekly	0.7
programs	https://jiwon.knowhow-it.com/p/PBLN_000000000125871	2026-09-22	weekly	0.7
programs	https://jiwon.knowhow-it.com/p/WLF00006366	2026-10-07	weekly	0.7
programs	https://jiwon.knowhow-it.com/p/WLF00006138	2026-10-07	weekly	0.7
programs	https://jiwon.knowhow-it.com/p/WLF00003277	2026-10-07	weekly	0.7
programs	https://jiwon.knowhow-it.com/p/WLF00006551	2026-10-07	weekly	0.7
programs	https://jiwon.knowhow-it.com/p/WLF00003189	2026-10-07	weekly	0.7
programs	https://jiwon.knowhow-it.com/p/WLF00005448	2026-10-07	weekly	0.7
programs	https://jiwon.knowhow-it.com/p/WLF00005210	2026-10-07	weekly	0.7
programs	https://jiwon.knowhow-it.com/p/WLF00005184	2026-10-07	weekly	0.7
programs	https://jiwon.knowhow-it.com/p/WLF00004881	2026-10-07	weekly	0.7
programs	https://jiwon.knowhow-it.com/p/PBLN_000000000125058	2026-09-15	weekly	0.7
programs	https://jiwon.knowhow-it.com/p/WLF00003245	2026-10-07	weekly	0.7
programs	https://jiwon.knowhow-it.com/p/WLF00005764	2026-10-07	weekly	0.7
programs	https://jiwon.knowhow-it.com/p/WLF00003251	2026-10-07	weekly	0.7
programs	https://jiwon.knowhow-it.com/p/WLF00004490	2026-10-07	weekly	0.7
programs	https://jiwon.knowhow-it.com/p/WLF00001091	2026-10-07	weekly	0.7
programs	https://jiwon.knowhow-it.com/p/WLF00005128	2026-10-07	weekly	0.7
programs	https://jiwon.knowhow-it.com/p/PBLN_000000000126130	2026-10-07	weekly	0.7
programs	https://jiwon.knowhow-it.com/p/WLF00003282	2026-10-07	weekly	0.7
programs	https://jiwon.knowhow-it.com/p/PBLN_000000000125864	2026-10-07	weekly	0.7
programs	https://jiwon.knowhow-it.com/p/WLF00000853	2026-10-07	weekly	0.7
programs	https://jiwon.knowhow-it.com/p/WLF00001094	2026-10-07	weekly	0.7
programs	https://jiwon.knowhow-it.com/p/WLF00003321	2026-10-07	weekly	0.7
programs	https://jiwon.knowhow-it.com/p/WLF00004662	2026-10-07	weekly	0.7
programs	https://jiwon.knowhow-it.com/p/PBLN_000000000125063	2026-10-07	weekly	0.7
programs	https://jiwon.knowhow-it.com/p/WLF00004661	2026-10-07	weekly	0.7
programs	https://jiwon.knowhow-it.com/p/PBLN_000000000117964	2026-10-07	weekly	0.7
programs	https://jiwon.knowhow-it.com/p/PBLN_000000000124978	2026-10-07	weekly	0.7
programs	https://jiwon.knowhow-it.com/p/PBLN_000000000124966	2026-10-07	weekly	0.7
programs	https://jiwon.knowhow-it.com/p/WLF00002985	2026-10-07	weekly	0.7
programs	https://jiwon.knowhow-it.com/p/PBLN_000000000124268	2026-10-07	weekly	0.7
programs	https://jiwon.knowhow-it.com/p/PBLN_000000000124046	2026-10-07	weekly	0.7
programs	https://jiwon.knowhow-it.com/p/PBLN_000000000126015	2026-09-13	weekly	0.7
programs	https://jiwon.knowhow-it.com/p/PBLN_000000000123754	2026-10-07	weekly	0.7
programs	https://jiwon.knowhow-it.com/p/WLF00003614	2026-10-07	weekly	0.7
programs	https://jiwon.knowhow-it.com/p/WLF00004802	2026-10-07	weekly	0.7
programs	https://jiwon.knowhow-it.com/p/WLF00002463	2026-10-07	weekly	0.7
programs	https://jiwon.knowhow-it.com/p/WLF00005004	2026-10-07	weekly	0.7
programs	https://jiwon.knowhow-it.com/p/PBLN_000000000126143	2026-09-15	weekly	0.7
programs	https://jiwon.knowhow-it.com/p/PBLN_000000000126142	2026-09-15	weekly	0.7
programs	https://jiwon.knowhow-it.com/p/WLF00003232	2026-10-07	weekly	0.7
programs	https://jiwon.knowhow-it.com/p/WLF00005566	2026-10-07	weekly	0.7
programs	https://jiwon.knowhow-it.com/p/WLF00006519	2026-10-07	weekly	0.7
programs	https://jiwon.knowhow-it.com/p/WLF00002404	2026-10-07	weekly	0.7
programs	https://jiwon.knowhow-it.com/p/PBLN_000000000122664	2026-10-07	weekly	0.7
programs	https://jiwon.knowhow-it.com/p/WLF00001121	2026-10-07	weekly	0.7
programs	https://jiwon.knowhow-it.com/p/WLF00005411	2026-10-07	weekly	0.7
programs	https://jiwon.knowhow-it.com/p/PBLN_000000000122551	2026-10-07	weekly	0.7
programs	https://jiwon.knowhow-it.com/p/PBLN_000000000122409	2026-10-07	weekly	0.7
programs	https://jiwon.knowhow-it.com/p/WLF00006495	2026-10-07	weekly	0.7
programs	https://jiwon.knowhow-it.com/p/WLF00003169	2026-10-07	weekly	0.7
programs	https://jiwon.knowhow-it.com/p/WLF00005740	2026-10-07	weekly	0.7
programs	https://jiwon.knowhow-it.com/p/WLF00005691	2026-10-07	weekly	0.7
programs	https://jiwon.knowhow-it.com/p/WLF00001904	2026-10-07	weekly	0.7
programs	https://jiwon.knowhow-it.com/p/WLF00001178	2026-10-07	weekly	0.7
programs	https://jiwon.knowhow-it.com/p/WLF00006507	2026-10-07	weekly	0.7
programs	https://jiwon.knowhow-it.com/p/PBLN_000000000122229	2026-10-07	weekly	0.7
programs	https://jiwon.knowhow-it.com/p/PBLN_000000000121782	2026-10-07	weekly	0.7
programs	https://jiwon.knowhow-it.com/p/PBLN_000000000121777	2026-10-07	weekly	0.7
programs	https://jiwon.knowhow-it.com/p/PBLN_000000000121756	2026-10-07	weekly	0.7
programs	https://jiwon.knowhow-it.com/p/PBLN_000000000121480	2026-10-07	weekly	0.7
programs	https://jiwon.knowhow-it.com/p/WLF00000024	2026-10-07	weekly	0.7
programs	https://jiwon.knowhow-it.com/p/WLF00004658	2026-10-07	weekly	0.7
programs	https://jiwon.knowhow-it.com/p/WLF00000747	2026-10-07	weekly	0.7
programs	https://jiwon.knowhow-it.com/p/PBLN_000000000125836	2026-09-17	weekly	0.7
programs	https://jiwon.knowhow-it.com/p/WLF00003881	2026-10-07	weekly	0.7
programs	https://jiwon.knowhow-it.com/p/WLF00000916	2026-10-07	weekly	0.7
programs	https://jiwon.knowhow-it.com/p/WLF00003176	2026-10-07	weekly	0.7
programs	https://jiwon.knowhow-it.com/p/WLF00006328	2026-10-07	weekly	0.7
programs	https://jiwon.knowhow-it.com/p/PBLN_000000000125596	2026-09-17	weekly	0.7
programs	https://jiwon.knowhow-it.com/p/WLF00003806	2026-10-07	weekly	0.7
programs	https://jiwon.knowhow-it.com/p/WLF00000994	2026-10-07	weekly	0.7
programs	https://jiwon.knowhow-it.com/p/WLF00003265	2026-10-07	weekly	0.7
programs	https://jiwon.knowhow-it.com/p/WLF00006158	2026-10-07	weekly	0.7
programs	https://jiwon.knowhow-it.com/p/WLF00000261	2026-10-07	weekly	0.7
programs	https://jiwon.knowhow-it.com/p/WLF00006688	2026-10-07	weekly	0.7
programs	https://jiwon.knowhow-it.com/p/WLF00000884	2026-10-07	weekly	0.7
programs	https://jiwon.knowhow-it.com/p/WLF00004447	2026-10-07	weekly	0.7
programs	https://jiwon.knowhow-it.com/p/WLF00004076	2026-10-07	weekly	0.7
programs	https://jiwon.knowhow-it.com/p/WLF00006413	2026-10-07	weekly	0.7
programs	https://jiwon.knowhow-it.com/p/WLF00006672	2026-10-07	weekly	0.7
programs	https://jiwon.knowhow-it.com/p/WLF00004239	2026-10-07	weekly	0.7
programs	https://jiwon.knowhow-it.com/p/PBLN_000000000119481	2026-10-07	weekly	0.7
programs	https://jiwon.knowhow-it.com/p/WLF00003961	2026-10-07	weekly	0.7
programs	https://jiwon.knowhow-it.com/p/PBLN_000000000119421	2026-10-07	weekly	0.7
programs	https://jiwon.knowhow-it.com/p/WLF00005474	2026-10-07	weekly	0.7
programs	https://jiwon.knowhow-it.com/p/PBLN_000000000125603	2026-09-29	weekly	0.7
programs	https://jiwon.knowhow-it.com/p/PBLN_000000000119261	2026-10-07	weekly	0.7
programs	https://jiwon.knowhow-it.com/p/WLF00006629	2026-10-07	weekly	0.7
programs	https://jiwon.knowhow-it.com/p/WLF00003244	2026-10-07	weekly	0.7
programs	https://jiwon.knowhow-it.com/p/WLF00003269	2026-10-07	weekly	0.7
programs	https://jiwon.knowhow-it.com/p/WLF00005997	2026-10-07	weekly	0.7
programs	https://jiwon.knowhow-it.com/p/WLF00005446	2026-10-07	weekly	0.7
programs	https://jiwon.knowhow-it.com/p/WLF00000888	2026-10-07	weekly	0.7
programs	https://jiwon.knowhow-it.com/p/WLF00005127	2026-10-07	weekly	0.7
programs	https://jiwon.knowhow-it.com/p/WLF00001149	2026-10-07	weekly	0.7
programs	https://jiwon.knowhow-it.com/p/WLF00003281	2026-10-07	weekly	0.7
programs	https://jiwon.knowhow-it.com/p/WLF00001068	2026-10-07	weekly	0.7
programs	https://jiwon.knowhow-it.com/p/WLF00003197	2026-10-07	weekly	0.7
programs	https://jiwon.knowhow-it.com/p/PBLN_000000000118229	2026-10-07	weekly	0.7
programs	https://jiwon.knowhow-it.com/p/WLF00004663	2026-10-07	weekly	0.7
programs	https://jiwon.knowhow-it.com/p/WLF00001089	2026-10-07	weekly	0.7
programs	https://jiwon.knowhow-it.com/p/WLF00004831	2026-10-07	weekly	0.7
programs	https://jiwon.knowhow-it.com/p/WLF00005541	2026-10-07	weekly	0.7
programs	https://jiwon.knowhow-it.com/p/PBLN_000000000125860	2026-09-10	weekly	0.7
programs	https://jiwon.knowhow-it.com/p/PBLN_000000000125713	2026-09-10	weekly	0.7
programs	https://jiwon.knowhow-it.com/p/WLF00005339	2026-10-07	weekly	0.7
programs	https://jiwon.knowhow-it.com/p/WLF00005221	2026-10-07	weekly	0.7
programs	https://jiwon.knowhow-it.com/p/WLF00000096	2026-10-07	weekly	0.7
programs	https://jiwon.knowhow-it.com/p/WLF00000025	2026-10-07	weekly	0.7
programs	https://jiwon.knowhow-it.com/p/WLF00005856	2026-10-07	weekly	0.7
programs	https://jiwon.knowhow-it.com/p/WLF00003283	2026-10-07	weekly	0.7
programs	https://jiwon.knowhow-it.com/p/WLF00003209	2026-10-07	weekly	0.7
programs	https://jiwon.knowhow-it.com/p/WLF00006239	2026-10-07	weekly	0.7
programs	https://jiwon.knowhow-it.com/p/WLF00002209	2026-10-07	weekly	0.7
programs	https://jiwon.knowhow-it.com/p/WLF00002138	2026-10-07	weekly	0.7
programs	https://jiwon.knowhow-it.com/p/WLF00001983	2026-10-07	weekly	0.7
programs	https://jiwon.knowhow-it.com/p/WLF00001119	2026-10-07	weekly	0.7
programs	https://jiwon.knowhow-it.com/p/WLF00004858	2026-10-07	weekly	0.7
programs	https://jiwon.knowhow-it.com/p/WLF00003199	2026-10-07	weekly	0.7
programs	https://jiwon.knowhow-it.com/p/WLF00005099	2026-10-07	weekly	0.7
programs	https://jiwon.knowhow-it.com/p/PBLN_000000000123725	2026-09-17	weekly	0.7
programs	https://jiwon.knowhow-it.com/p/PBLN_000000000117918	2026-10-07	weekly	0.7
programs	https://jiwon.knowhow-it.com/p/WLF00004004	2026-10-07	weekly	0.7
programs	https://jiwon.knowhow-it.com/p/WLF00003823	2026-10-07	weekly	0.7
programs	https://jiwon.knowhow-it.com/p/WLF00001087	2026-10-07	weekly	0.7
programs	https://jiwon.knowhow-it.com/p/WLF00001480	2026-10-07	weekly	0.7
programs	https://jiwon.knowhow-it.com/p/WLF00001234	2026-10-07	weekly	0.7
programs	https://jiwon.knowhow-it.com/p/WLF00005863	2026-10-07	weekly	0.7
programs	https://jiwon.knowhow-it.com/p/WLF00002178	2026-10-07	weekly	0.7
programs	https://jiwon.knowhow-it.com/p/WLF00005889	2026-10-07	weekly	0.7
programs	https://jiwon.knowhow-it.com/p/WLF00000644	2026-10-07	weekly	0.7
programs	https://jiwon.knowhow-it.com/p/WLF00004762	2026-10-07	weekly	0.7
programs	https://jiwon.knowhow-it.com/p/WLF00003242	2026-10-07	weekly	0.7
programs	https://jiwon.knowhow-it.com/p/WLF00006766	2026-10-07	weekly	0.7
programs	https://jiwon.knowhow-it.com/p/PBLN_000000000122739	2026-09-30	weekly	0.7
programs	https://jiwon.knowhow-it.com/p/WLF00006191	2026-10-07	weekly	0.7
programs	https://jiwon.knowhow-it.com/p/WLF00005257	2026-10-07	weekly	0.7
programs	https://jiwon.knowhow-it.com/p/PBLN_000000000117656	2026-10-07	weekly	0.7
programs	https://jiwon.knowhow-it.com/p/WLF00002568	2026-10-07	weekly	0.7
programs	https://jiwon.knowhow-it.com/p/WLF00003001	2026-10-07	weekly	0.7
programs	https://jiwon.knowhow-it.com/p/WLF00003256	2026-10-07	weekly	0.7
programs	https://jiwon.knowhow-it.com/p/WLF00005410	2026-10-07	weekly	0.7
jobs	https://jiwon.knowhow-it.com/jobs/hire/국가		daily	0.7
jobs	https://jiwon.knowhow-it.com/jobs/hire/교육		daily	0.7
jobs	https://jiwon.knowhow-it.com/jobs/hire/지자체		daily	0.7
jobs	https://jiwon.knowhow-it.com/jobs/hire/공공		daily	0.7
jobs	https://jiwon.knowhow-it.com/jobs/region/강원특별자치도		daily	0.7
jobs	https://jiwon.knowhow-it.com/jobs/org/부산광역시교육청 부산광역시교육청학교행정지원본부 학교채용지원팀		weekly	0.6
jobs	https://jiwon.knowhow-it.com/jobs/org/한국교통안전공단		weekly	0.6
jobs	https://jiwon.knowhow-it.com/jobs/org/조달청		weekly	0.6
jobs	https://jiwon.knowhow-it.com/jobs/org/법무부		weekly	0.6
jobs	https://jiwon.knowhow-it.com/jobs/org/국방부		weekly	0.6
jobs	https://jiwon.knowhow-it.com/jobs/org/문화체육관광부		weekly	0.6
jobs	https://jiwon.knowhow-it.com/jobs/org/행정안전부		weekly	0.6
jobs	https://jiwon.knowhow-it.com/jobs/org/외교부		weekly	0.6
jobs	https://jiwon.knowhow-it.com/jobs/org/보건복지부 국립재활원		weekly	0.6
jobs	https://jiwon.knowhow-it.com/jobs/org/제주대학교		weekly	0.6
jobs	https://jiwon.knowhow-it.com/jobs/org/산업통상자원부		weekly	0.6
jobs	https://jiwon.knowhow-it.com/jobs/org/한국법무보호복지공단		weekly	0.6
jobs	https://jiwon.knowhow-it.com/jobs/org/산림청		weekly	0.6
jobs	https://jiwon.knowhow-it.com/jobs/org/포항시시설관리공단		weekly	0.6
jobs	https://jiwon.knowhow-it.com/jobs/org/국방부 국군조직 육군 육군본부		weekly	0.6
jobs	https://jiwon.knowhow-it.com/jobs/org/국민권익위원회		weekly	0.6
jobs	https://jiwon.knowhow-it.com/jobs/org/충남대학교		weekly	0.6
jobs	https://jiwon.knowhow-it.com/jobs/org/환경부		weekly	0.6
jobs	https://jiwon.knowhow-it.com/jobs/org/대구광역시		weekly	0.6
jobs	https://jiwon.knowhow-it.com/jobs/org/서울과학기술대학교		weekly	0.6
jobs	https://jiwon.knowhow-it.com/jobs/org/특허청		weekly	0.6
jobs	https://jiwon.knowhow-it.com/jobs/org/대검찰청		weekly	0.6
jobs	https://jiwon.knowhow-it.com/jobs/org/과학기술정보통신부 우정사업본부 경인지방우정청 화성동탄우체국		weekly	0.6
jobs	https://jiwon.knowhow-it.com/jobs/org/경찰청 경찰병원		weekly	0.6
jobs	https://jiwon.knowhow-it.com/jobs/org/강원대학교		weekly	0.6
jobs	https://jiwon.knowhow-it.com/jobs/org/방위사업청		weekly	0.6
jobs	https://jiwon.knowhow-it.com/jobs/org/대법원 법원행정처		weekly	0.6
jobs	https://jiwon.knowhow-it.com/jobs/org/국토교통부		weekly	0.6
jobs	https://jiwon.knowhow-it.com/jobs/org/공정거래위원회		weekly	0.6
jobs	https://jiwon.knowhow-it.com/jobs/org/한국농어촌공사		weekly	0.6
jobs	https://jiwon.knowhow-it.com/jobs/org/한국해양대학교		weekly	0.6
jobs	https://jiwon.knowhow-it.com/jobs/org/경북대학교		weekly	0.6
jobs	https://jiwon.knowhow-it.com/jobs/org/국방부 국군조직 육군		weekly	0.6
jobs	https://jiwon.knowhow-it.com/jobs/org/경찰청		weekly	0.6
jobs	https://jiwon.knowhow-it.com/jobs/org/보건복지부		weekly	0.6
jobs	https://jiwon.knowhow-it.com/jobs/org/기획재정부		weekly	0.6
jobs	https://jiwon.knowhow-it.com/jobs/org/대전광역시		weekly	0.6
jobs	https://jiwon.knowhow-it.com/jobs/org/제주특별자치도		weekly	0.6
jobs	https://jiwon.knowhow-it.com/jobs/org/병무청		weekly	0.6
jobs	https://jiwon.knowhow-it.com/jobs/org/전남대학교		weekly	0.6
jobs	https://jiwon.knowhow-it.com/jobs/org/해양경찰청		weekly	0.6
jobs	https://jiwon.knowhow-it.com/jobs/org/문화체육관광부 국립민속박물관		weekly	0.6
jobs	https://jiwon.knowhow-it.com/jobs/org/식품의약품안전처		weekly	0.6
jobs	https://jiwon.knowhow-it.com/jobs/org/과학기술정보통신부 우정사업본부 경인지방우정청 화성우체국		weekly	0.6
jobs	https://jiwon.knowhow-it.com/jobs/org/한국보건사회연구원		weekly	0.6
jobs	https://jiwon.knowhow-it.com/jobs/org/해양수산부		weekly	0.6
jobs	https://jiwon.knowhow-it.com/jobs/org/문화체육관광부 국립중앙박물관		weekly	0.6
jobs	https://jiwon.knowhow-it.com/jobs/org/경기도교육청 안산국제비즈니스고등학교		weekly	0.6
jobs	https://jiwon.knowhow-it.com/jobs/org/국회 국회사무처		weekly	0.6
jobs	https://jiwon.knowhow-it.com/jobs/org/부산광역시		weekly	0.6
jobs	https://jiwon.knowhow-it.com/jobs/org/경상남도		weekly	0.6
jobs	https://jiwon.knowhow-it.com/jobs/org/기상청		weekly	0.6
jobs	https://jiwon.knowhow-it.com/jobs/org/경기도		weekly	0.6
jobs	https://jiwon.knowhow-it.com/jobs/org/국립경국대학교		weekly	0.6
jobs	https://jiwon.knowhow-it.com/jobs/org/대구광역시 달서구		weekly	0.6
jobs	https://jiwon.knowhow-it.com/jobs/org/질병관리청		weekly	0.6
jobs	https://jiwon.knowhow-it.com/jobs/org/과학기술정보통신부 우정사업본부 충청지방우정청 천안우체국		weekly	0.6
jobs	https://jiwon.knowhow-it.com/jobs/org/문화체육관광부 국립현대미술관		weekly	0.6
jobs	https://jiwon.knowhow-it.com/jobs/org/울산광역시		weekly	0.6
jobs	https://jiwon.knowhow-it.com/jobs/org/강원연구원		weekly	0.6
jobs	https://jiwon.knowhow-it.com/jobs/org/통일부		weekly	0.6
jobs	https://jiwon.knowhow-it.com/jobs/org/보건복지부 국립부곡병원		weekly	0.6
jobs	https://jiwon.knowhow-it.com/jobs/org/국세청		weekly	0.6
jobs	https://jiwon.knowhow-it.com/jobs/org/법제처		weekly	0.6
jobs	https://jiwon.knowhow-it.com/jobs/org/한국방송통신대학교		weekly	0.6
jobs	https://jiwon.knowhow-it.com/jobs/org/교육부		weekly	0.6
jobs	https://jiwon.knowhow-it.com/jobs/org/관세청		weekly	0.6
jobs	https://jiwon.knowhow-it.com/jobs/org/한국도로공사		weekly	0.6
jobs	https://jiwon.knowhow-it.com/jobs/org/해양수산부 국립수산과학원		weekly	0.6
jobs	https://jiwon.knowhow-it.com/jobs/org/감사원		weekly	0.6
jobs	https://jiwon.knowhow-it.com/jobs/org/한국산업안전보건공단		weekly	0.6
jobs	https://jiwon.knowhow-it.com/jobs/org/창원대학교		weekly	0.6
jobs	https://jiwon.knowhow-it.com/jobs/org/국가보훈부		weekly	0.6
jobs	https://jiwon.knowhow-it.com/jobs/org/행정안전부 국립과학수사연구원		weekly	0.6
jobs	https://jiwon.knowhow-it.com/jobs/org/과학기술정보통신부		weekly	0.6
jobs	https://jiwon.knowhow-it.com/jobs/org/국무조정실		weekly	0.6
jobs	https://jiwon.knowhow-it.com/jobs/org/국가보훈처		weekly	0.6
jobs	https://jiwon.knowhow-it.com/jobs/org/한국교원대학교		weekly	0.6
jobs	https://jiwon.knowhow-it.com/jobs/org/한경국립대학교		weekly	0.6
jobs	https://jiwon.knowhow-it.com/jobs/org/교육부 국립국제교육원		weekly	0.6
jobs	https://jiwon.knowhow-it.com/jobs/org/산림청 국립산림과학원		weekly	0.6
jobs	https://jiwon.knowhow-it.com/jobs/org/법무부 화성외국인보호소		weekly	0.6
jobs	https://jiwon.knowhow-it.com/jobs/org/식품의약품안전처 식품의약품안전평가원		weekly	0.6
jobs	https://jiwon.knowhow-it.com/jobs/org/충청남도 홍성군 보건소		weekly	0.6
jobs	https://jiwon.knowhow-it.com/jobs/org/국방부 국군조직 공군		weekly	0.6
jobs	https://jiwon.knowhow-it.com/jobs/org/문화체육관광부 국립아시아문화전당		weekly	0.6
jobs	https://jiwon.knowhow-it.com/jobs/org/인천광역시 서구		weekly	0.6
jobs	https://jiwon.knowhow-it.com/jobs/org/전북대학교		weekly	0.6
jobs	https://jiwon.knowhow-it.com/jobs/org/새만금개발청		weekly	0.6
jobs	https://jiwon.knowhow-it.com/jobs/org/산림청 북부지방산림청		weekly	0.6
jobs	https://jiwon.knowhow-it.com/jobs/org/한국교통연구원		weekly	0.6
jobs	https://jiwon.knowhow-it.com/jobs/org/개인정보보호위원회		weekly	0.6
jobs	https://jiwon.knowhow-it.com/jobs/org/건강보험심사평가원		weekly	0.6
jobs	https://jiwon.knowhow-it.com/jobs/org/경기도 안산시		weekly	0.6
jobs	https://jiwon.knowhow-it.com/jobs/org/중앙선거관리위원회		weekly	0.6
jobs	https://jiwon.knowhow-it.com/jobs/org/경인교육대학교		weekly	0.6
jobs	https://jiwon.knowhow-it.com/jobs/org/문화체육관광부 국립중앙도서관		weekly	0.6
jobs	https://jiwon.knowhow-it.com/jobs/org/부산대학교		weekly	0.6
jobs	https://jiwon.knowhow-it.com/jobs/org/인사혁신처 국가공무원인재개발원		weekly	0.6
jobs	https://jiwon.knowhow-it.com/jobs/org/금오공과대학교		weekly	0.6
jobs	https://jiwon.knowhow-it.com/jobs/org/경기도교육청 비봉고등학교		weekly	0.6
jobs	https://jiwon.knowhow-it.com/jobs/org/법무부 서울지방교정청 서울구치소		weekly	0.6
jobs	https://jiwon.knowhow-it.com/jobs/org/산림청 산림항공본부		weekly	0.6
jobs	https://jiwon.knowhow-it.com/jobs/org/병무청 서울지방병무청		weekly	0.6
jobs	https://jiwon.knowhow-it.com/jobs/org/송파구시설관리공단		weekly	0.6
jobs	https://jiwon.knowhow-it.com/jobs/org/전라남도		weekly	0.6
jobs	https://jiwon.knowhow-it.com/jobs/org/세종특별자치시		weekly	0.6
jobs	https://jiwon.knowhow-it.com/jobs/org/진실화해를위한과거사정리위원회		weekly	0.6
jobs	https://jiwon.knowhow-it.com/jobs/org/문화체육관광부 한국예술종합학교		weekly	0.6
jobs	https://jiwon.knowhow-it.com/jobs/org/경기도교육청		weekly	0.6
jobs	https://jiwon.knowhow-it.com/jobs/org/부경대학교		weekly	0.6
jobs	https://jiwon.knowhow-it.com/jobs/org/관세청 부산세관		weekly	0.6
jobs	https://jiwon.knowhow-it.com/jobs/org/서울특별시 중랑구		weekly	0.6
jobs	https://jiwon.knowhow-it.com/jobs/org/경기도교육청 두원공업고등학교		weekly	0.6
jobs	https://jiwon.knowhow-it.com/jobs/org/문화체육관광부 한국정책방송원		weekly	0.6
jobs	https://jiwon.knowhow-it.com/jobs/org/광주광역시		weekly	0.6
jobs	https://jiwon.knowhow-it.com/jobs/org/서울대학교		weekly	0.6
jobs	https://jiwon.knowhow-it.com/jobs/org/경기도교육청 한봄고등학교		weekly	0.6
jobs	https://jiwon.knowhow-it.com/jobs/org/경기도 수원시		weekly	0.6
jobs	https://jiwon.knowhow-it.com/jobs/org/고용노동부		weekly	0.6
jobs	https://jiwon.knowhow-it.com/jobs/org/부산대학교 산학협력단		weekly	0.6
jobs	https://jiwon.knowhow-it.com/jobs/org/경기도 용인시		weekly	0.6
jobs	https://jiwon.knowhow-it.com/jobs/org/국립한국교통대학교		weekly	0.6
jobs	https://jiwon.knowhow-it.com/jobs/org/고위공직자범죄수사처		weekly	0.6
jobs	https://jiwon.knowhow-it.com/jobs/org/법무부 대구소년원		weekly	0.6
jobs	https://jiwon.knowhow-it.com/jobs/org/충청남도		weekly	0.6
jobs	https://jiwon.knowhow-it.com/jobs/org/법무부 부산소년원		weekly	0.6
jobs	https://jiwon.knowhow-it.com/jobs/org/통계청 경인지방통계청		weekly	0.6
jobs	https://jiwon.knowhow-it.com/jobs/org/공주대학교		weekly	0.6
jobs	https://jiwon.knowhow-it.com/jobs/org/경상북도 구미시		weekly	0.6
jobs	https://jiwon.knowhow-it.com/jobs/org/한국연구재단		weekly	0.6
jobs	https://jiwon.knowhow-it.com/jobs/org/충북대학교		weekly	0.6
jobs	https://jiwon.knowhow-it.com/jobs/org/충청남도 아산시		weekly	0.6
jobs	https://jiwon.knowhow-it.com/jobs/org/환경부 국립야생동물질병관리원		weekly	0.6
jobs	https://jiwon.knowhow-it.com/jobs/org/인사혁신처		weekly	0.6
jobs	https://jiwon.knowhow-it.com/jobs/org/국립공원공단 다도해해상국립공원사무소		weekly	0.6
jobs	https://jiwon.knowhow-it.com/jobs/org/문화재청		weekly	0.6
jobs	https://jiwon.knowhow-it.com/jobs/org/광주교육대학교		weekly	0.6
jobs	https://jiwon.knowhow-it.com/jobs/org/민주평화통일자문회의사무처		weekly	0.6
jobs	https://jiwon.knowhow-it.com/jobs/org/충청북도교육청		weekly	0.6
jobs	https://jiwon.knowhow-it.com/jobs/org/문화체육관광부 국립국어원		weekly	0.6
jobs	https://jiwon.knowhow-it.com/jobs/org/과학기술정보통신부 우정사업본부 경인지방우정청 김포우체국		weekly	0.6
jobs	https://jiwon.knowhow-it.com/jobs/org/법무부 광주소년원		weekly	0.6
jobs	https://jiwon.knowhow-it.com/jobs/org/서울특별시 강동구		weekly	0.6
jobs	https://jiwon.knowhow-it.com/jobs/org/헌법재판소		weekly	0.6
jobs	https://jiwon.knowhow-it.com/jobs/org/환경부 온실가스종합정보센터		weekly	0.6
jobs	https://jiwon.knowhow-it.com/jobs/org/충청북도 청주시		weekly	0.6
jobs	https://jiwon.knowhow-it.com/jobs/org/청주교육대학교		weekly	0.6
jobs	https://jiwon.knowhow-it.com/jobs/org/여성가족부		weekly	0.6
jobs	https://jiwon.knowhow-it.com/jobs/org/강릉원주대학교		weekly	0.6
jobs	https://jiwon.knowhow-it.com/jobs/org/인천광역시여성가족재단		weekly	0.6
jobs	https://jiwon.knowhow-it.com/jobs/org/금융위원회		weekly	0.6
jobs	https://jiwon.knowhow-it.com/jobs/org/서울특별시교육청 송곡관광고등학교		weekly	0.6
jobs	https://jiwon.knowhow-it.com/jobs/org/법무부 서울소년원		weekly	0.6
jobs	https://jiwon.knowhow-it.com/jobs/org/국방부 국방부근무지원단		weekly	0.6
jobs	https://jiwon.knowhow-it.com/jobs/org/통계청		weekly	0.6
jobs	https://jiwon.knowhow-it.com/jobs/org/방송통신위원회		weekly	0.6
jobs	https://jiwon.knowhow-it.com/jobs/org/국회 국회도서관		weekly	0.6
jobs	https://jiwon.knowhow-it.com/jobs/org/인천광역시 중구		weekly	0.6
jobs	https://jiwon.knowhow-it.com/jobs/org/과학기술정보통신부 우정사업본부 경인지방우정청 용인우체국		weekly	0.6
jobs	https://jiwon.knowhow-it.com/jobs/org/문화체육관광부 국립중앙극장		weekly	0.6
jobs	https://jiwon.knowhow-it.com/jobs/org/한밭대학교		weekly	0.6
jobs	https://jiwon.knowhow-it.com/jobs/org/법무부 광주지방교정청 전주교도소		weekly	0.6
jobs	https://jiwon.knowhow-it.com/jobs/org/농촌진흥청		weekly	0.6
jobs	https://jiwon.knowhow-it.com/jobs/org/경상국립대학교		weekly	0.6
jobs	https://jiwon.knowhow-it.com/jobs/org/행정안전부 국가기록원		weekly	0.6
jobs	https://jiwon.knowhow-it.com/jobs/org/경기도 화성시		weekly	0.6
jobs	https://jiwon.knowhow-it.com/jobs/org/경상북도		weekly	0.6
jobs	https://jiwon.knowhow-it.com/jobs/org/국방부 계룡대근무지원단		weekly	0.6
jobs	https://jiwon.knowhow-it.com/jobs/org/서울교육대학교		weekly	0.6
jobs	https://jiwon.knowhow-it.com/jobs/org/농림축산식품부		weekly	0.6
jobs	https://jiwon.knowhow-it.com/jobs/org/과학기술정보통신부 국립과천과학관		weekly	0.6
jobs	https://jiwon.knowhow-it.com/jobs/org/국립공원공단 변산반도국립공원사무소		weekly	0.6
jobs	https://jiwon.knowhow-it.com/jobs/org/경상남도 통영시		weekly	0.6
jobs	https://jiwon.knowhow-it.com/jobs/org/국립공원공단 덕유산국립공원사무소		weekly	0.6
jobs	https://jiwon.knowhow-it.com/jobs/org/경기도교육청 분당대진고등학교		weekly	0.6
jobs	https://jiwon.knowhow-it.com/jobs/org/환경부 국립환경과학원		weekly	0.6
jobs	https://jiwon.knowhow-it.com/jobs/org/한국노동연구원		weekly	0.6
jobs	https://jiwon.knowhow-it.com/jobs/org/보건복지부 국립정신건강센터		weekly	0.6
jobs	https://jiwon.knowhow-it.com/jobs/org/경상남도교육청		weekly	0.6
jobs	https://jiwon.knowhow-it.com/jobs/org/충청남도교육청		weekly	0.6
jobs	https://jiwon.knowhow-it.com/jobs/org/전북특별자치도		weekly	0.6
jobs	https://jiwon.knowhow-it.com/jobs/org/병무청 사회복무연수센터		weekly	0.6
jobs	https://jiwon.knowhow-it.com/jobs/org/과학기술정보통신부 우정사업본부 경인지방우정청 고양덕양우체국		weekly	0.6
jobs	https://jiwon.knowhow-it.com/jobs/org/법무부 서울지방교정청 수원구치소		weekly	0.6
jobs	https://jiwon.knowhow-it.com/jobs/org/국립금오공과대학교		weekly	0.6
jobs	https://jiwon.knowhow-it.com/jobs/org/충청북도		weekly	0.6
jobs	https://jiwon.knowhow-it.com/jobs/org/산림청 국립수목원		weekly	0.6
jobs	https://jiwon.knowhow-it.com/jobs/org/충청남도 홍성군		weekly	0.6
jobs	https://jiwon.knowhow-it.com/jobs/org/관세청 인천세관		weekly	0.6
jobs	https://jiwon.knowhow-it.com/jobs/org/문화체육관광부 국립국악고등학교		weekly	0.6
jobs	https://jiwon.knowhow-it.com/jobs/org/국립공원공단 북한산국립공원사무소		weekly	0.6
jobs	https://jiwon.knowhow-it.com/jobs/org/보건복지부 국립춘천병원		weekly	0.6
jobs	https://jiwon.knowhow-it.com/jobs/org/한국식품안전관리인증원		weekly	0.6
jobs	https://jiwon.knowhow-it.com/jobs/org/법무부 치료감호소		weekly	0.6
jobs	https://jiwon.knowhow-it.com/jobs/org/국립공원공단 태안해안국립공원사무소		weekly	0.6
jobs	https://jiwon.knowhow-it.com/jobs/org/국방부 국군조직 공군 공군교육사령부		weekly	0.6
jobs	https://jiwon.knowhow-it.com/jobs/org/과학기술정보통신부 우정사업본부 전북지방우정청		weekly	0.6
jobs	https://jiwon.knowhow-it.com/jobs/org/의왕도시공사		weekly	0.6
jobs	https://jiwon.knowhow-it.com/jobs/org/공주교육대학교		weekly	0.6
jobs	https://jiwon.knowhow-it.com/jobs/org/과학기술정보통신부 우정사업본부 충청지방우정청 당진우체국		weekly	0.6
jobs	https://jiwon.knowhow-it.com/jobs/org/공무원연금공단		weekly	0.6
jobs	https://jiwon.knowhow-it.com/jobs/org/강원대학교 삼척캠퍼스		weekly	0.6
jobs	https://jiwon.knowhow-it.com/jobs/org/보건복지부 국립공주병원		weekly	0.6
jobs	https://jiwon.knowhow-it.com/jobs/org/전라북도 익산시		weekly	0.6
jobs	https://jiwon.knowhow-it.com/jobs/org/경상남도 양산시		weekly	0.6
jobs	https://jiwon.knowhow-it.com/jobs/org/국방부 국군조직 공군 공군본부		weekly	0.6
jobs	https://jiwon.knowhow-it.com/jobs/org/서울특별시교육청 고려대학교사범대학부속고등학교		weekly	0.6
jobs	https://jiwon.knowhow-it.com/jobs/org/법무부 서울소년분류심사원		weekly	0.6
jobs	https://jiwon.knowhow-it.com/jobs/org/세종특별자치시교육청		weekly	0.6
jobs	https://jiwon.knowhow-it.com/jobs/org/제주특별자치도교육청		weekly	0.6
jobs	https://jiwon.knowhow-it.com/jobs/org/부산광역시 사하구		weekly	0.6
jobs	https://jiwon.knowhow-it.com/jobs/org/과학기술정보통신부 우정사업본부 강원지방우정청		weekly	0.6
jobs	https://jiwon.knowhow-it.com/jobs/org/부산광역시 부산진구		weekly	0.6
jobs	https://jiwon.knowhow-it.com/jobs/org/국가인권위원회		weekly	0.6
jobs	https://jiwon.knowhow-it.com/jobs/org/인천광역시교육청		weekly	0.6
jobs	https://jiwon.knowhow-it.com/jobs/org/해양수산부 국립수산과학원 동해수산연구소		weekly	0.6
jobs	https://jiwon.knowhow-it.com/jobs/org/경기도 시흥시		weekly	0.6
jobs	https://jiwon.knowhow-it.com/jobs/org/인천광역시교육청 인천해양과학고등학교		weekly	0.6
jobs	https://jiwon.knowhow-it.com/jobs/org/환경부 대구지방환경청		weekly	0.6
jobs	https://jiwon.knowhow-it.com/jobs/org/서울특별시교육청 서울특별시서부교육지원청 명지중학교		weekly	0.6
jobs	https://jiwon.knowhow-it.com/jobs/org/보건복지부 국립나주병원		weekly	0.6
jobs	https://jiwon.knowhow-it.com/jobs/org/서울특별시		weekly	0.6
jobs	https://jiwon.knowhow-it.com/jobs/org/대검찰청 서울고등검찰청 서울남부지방검찰청		weekly	0.6
jobs	https://jiwon.knowhow-it.com/jobs/org/국회 국회입법조사처		weekly	0.6
jobs	https://jiwon.knowhow-it.com/jobs/org/국가보훈처 국립대전현충원		weekly	0.6
jobs	https://jiwon.knowhow-it.com/jobs/org/산림청 중부지방산림청		weekly	0.6
jobs	https://jiwon.knowhow-it.com/jobs/org/서울특별시교육청		weekly	0.6
jobs	https://jiwon.knowhow-it.com/jobs/org/순천대학교		weekly	0.6
jobs	https://jiwon.knowhow-it.com/jobs/org/과학기술정보통신부 우정사업본부 경인지방우정청 이천우체국		weekly	0.6
jobs	https://jiwon.knowhow-it.com/jobs/org/국가보훈부 국립대한민국임시정부기념관		weekly	0.6
jobs	https://jiwon.knowhow-it.com/jobs/org/대전광역시 유성구		weekly	0.6
jobs	https://jiwon.knowhow-it.com/jobs/org/국립공원공단 내장산국립공원사무소		weekly	0.6
jobs	https://jiwon.knowhow-it.com/jobs/org/경기도 의왕시		weekly	0.6
jobs	https://jiwon.knowhow-it.com/jobs/org/행정안전부 국가정보자원관리원 광주센터		weekly	0.6
jobs	https://jiwon.knowhow-it.com/jobs/org/부산광역시 연제구		weekly	0.6
jobs	https://jiwon.knowhow-it.com/jobs/org/재단법인한국교육환경보호원		weekly	0.6
jobs	https://jiwon.knowhow-it.com/jobs/org/경기도 안양시		weekly	0.6
jobs	https://jiwon.knowhow-it.com/jobs/org/도로교통공단		weekly	0.6
jobs	https://jiwon.knowhow-it.com/jobs/org/중소벤처기업부		weekly	0.6
jobs	https://jiwon.knowhow-it.com/jobs/org/서울특별시 동작구		weekly	0.6
jobs	https://jiwon.knowhow-it.com/jobs/org/광주광역시 광산구		weekly	0.6
jobs	https://jiwon.knowhow-it.com/jobs/org/국방부 국군의무사령부		weekly	0.6
jobs	https://jiwon.knowhow-it.com/jobs/org/서울특별시교육청 서울특별시서부교육지원청 예일초등학교		weekly	0.6
jobs	https://jiwon.knowhow-it.com/jobs/org/법무부 청주소년원		weekly	0.6
jobs	https://jiwon.knowhow-it.com/jobs/org/국립공원공단 치악산국립공원사무소		weekly	0.6
jobs	https://jiwon.knowhow-it.com/jobs/org/한국수산자원관리공단		weekly	0.6
jobs	https://jiwon.knowhow-it.com/jobs/org/국립공원공단 오대산국립공원사무소		weekly	0.6
jobs	https://jiwon.knowhow-it.com/jobs/org/환경부 국립생물자원관		weekly	0.6
jobs	https://jiwon.knowhow-it.com/jobs/org/서울특별시여성가족재단		weekly	0.6
jobs	https://jiwon.knowhow-it.com/jobs/org/경기도교육청 덕영고등학교		weekly	0.6
jobs	https://jiwon.knowhow-it.com/jobs/org/국립순천대학교		weekly	0.6
jobs	https://jiwon.knowhow-it.com/jobs/org/경기도 성남시		weekly	0.6
jobs	https://jiwon.knowhow-it.com/jobs/org/양산부산대학교병원		weekly	0.6
jobs	https://jiwon.knowhow-it.com/jobs/org/함안지방공사		weekly	0.6
jobs	https://jiwon.knowhow-it.com/jobs/org/법무부 인천출입국.외국인청		weekly	0.6
jobs	https://jiwon.knowhow-it.com/jobs/org/문화체육관광부 대한민국역사박물관		weekly	0.6
jobs	https://jiwon.knowhow-it.com/jobs/org/국립공원공단 다도해해상국립공원서부사무소		weekly	0.6
jobs	https://jiwon.knowhow-it.com/jobs/org/행정안전부 국가정보자원관리원		weekly	0.6
jobs	https://jiwon.knowhow-it.com/jobs/org/정보통신산업진흥원		weekly	0.6
jobs	https://jiwon.knowhow-it.com/jobs/org/충청남도교육청 천안여자고등학교		weekly	0.6
jobs	https://jiwon.knowhow-it.com/jobs/org/과학기술정보통신부 우정사업본부 전남지방우정청 광양우체국		weekly	0.6
jobs	https://jiwon.knowhow-it.com/jobs/org/병무청 경인지방병무청		weekly	0.6
jobs	https://jiwon.knowhow-it.com/jobs/org/국립공원공단 주왕산국립공원사무소		weekly	0.6
jobs	https://jiwon.knowhow-it.com/jobs/org/한국전력공사		weekly	0.6
jobs	https://jiwon.knowhow-it.com/jobs/org/국회 국회예산정책처		weekly	0.6
jobs	https://jiwon.knowhow-it.com/jobs/org/한국체육대학교		weekly	0.6
jobs	https://jiwon.knowhow-it.com/jobs/org/기상청 국립기상과학원		weekly	0.6
jobs	https://jiwon.knowhow-it.com/jobs/org/과학기술정보통신부 우정사업본부 경인지방우정청 남양주우체국		weekly	0.6
jobs	https://jiwon.knowhow-it.com/jobs/org/법무부 국립법무병원		weekly	0.6
jobs	https://jiwon.knowhow-it.com/jobs/org/부산교육대학교		weekly	0.6
jobs	https://jiwon.knowhow-it.com/jobs/org/외교부 국립외교원		weekly	0.6
jobs	https://jiwon.knowhow-it.com/jobs/org/산림청 서부지방산림청		weekly	0.6
jobs	https://jiwon.knowhow-it.com/jobs/org/기장군도시관리공단		weekly	0.6
jobs	https://jiwon.knowhow-it.com/jobs/org/한국과학기술연구원		weekly	0.6
jobs	https://jiwon.knowhow-it.com/jobs/org/산림청 남부지방산림청		weekly	0.6
jobs	https://jiwon.knowhow-it.com/jobs/org/과학기술정보통신부 우정사업본부 경인지방우정청 시흥우체국		weekly	0.6
jobs	https://jiwon.knowhow-it.com/jobs/org/국방부 국방홍보원		weekly	0.6
jobs	https://jiwon.knowhow-it.com/jobs/org/경기도교육청 라온고등학교		weekly	0.6
jobs	https://jiwon.knowhow-it.com/jobs/org/문화체육관광부 국립중앙박물관 춘천박물관		weekly	0.6
jobs	https://jiwon.knowhow-it.com/jobs/org/전라북도교육청		weekly	0.6
jobs	https://jiwon.knowhow-it.com/jobs/org/농림축산식품부 농림축산검역본부		weekly	0.6
jobs	https://jiwon.knowhow-it.com/jobs/org/대구광역시교육청		weekly	0.6
jobs	https://jiwon.knowhow-it.com/jobs/org/대검찰청 부산고등검찰청 울산지방검찰청		weekly	0.6
jobs	https://jiwon.knowhow-it.com/jobs/org/서울특별시교육청 서울특별시중부교육지원청 중앙중학교		weekly	0.6
jobs	https://jiwon.knowhow-it.com/jobs/org/인천광역시 미추홀구		weekly	0.6
jobs	https://jiwon.knowhow-it.com/jobs/org/정보통신정책연구원		weekly	0.6
jobs	https://jiwon.knowhow-it.com/jobs/org/서울특별시 서대문구		weekly	0.6
jobs	https://jiwon.knowhow-it.com/jobs/org/대구광역시 북구		weekly	0.6
jobs	https://jiwon.knowhow-it.com/jobs/org/국세청 서울지방국세청		weekly	0.6
jobs	https://jiwon.knowhow-it.com/jobs/org/법무부 서울지방교정청 서울동부구치소		weekly	0.6
jobs	https://jiwon.knowhow-it.com/jobs/org/서울특별시교육청 용문고등학교		weekly	0.6
jobs	https://jiwon.knowhow-it.com/jobs/org/서울특별시 중구		weekly	0.6
jobs	https://jiwon.knowhow-it.com/jobs/org/과학기술정보통신부 우정사업본부 전북지방우정청 군산우체국		weekly	0.6
jobs	https://jiwon.knowhow-it.com/jobs/org/한국콘텐츠진흥원		weekly	0.6
jobs	https://jiwon.knowhow-it.com/jobs/org/서울특별시 양천구		weekly	0.6
jobs	https://jiwon.knowhow-it.com/jobs/org/국립낙동강생물자원관		weekly	0.6
jobs	https://jiwon.knowhow-it.com/jobs/org/한국소방산업기술원		weekly	0.6
jobs	https://jiwon.knowhow-it.com/jobs/org/국제방송교류재단		weekly	0.6
jobs	https://jiwon.knowhow-it.com/jobs/org/국립공원공단 속리산국립공원사무소		weekly	0.6
jobs	https://jiwon.knowhow-it.com/jobs/305100	2026-10-08	weekly	0.6
jobs	https://jiwon.knowhow-it.com/jobs/305248	2026-10-08	weekly	0.6
jobs	https://jiwon.knowhow-it.com/jobs/305298	2026-10-08	weekly	0.6
jobs	https://jiwon.knowhow-it.com/jobs/305243	2026-10-08	weekly	0.6
jobs	https://jiwon.knowhow-it.com/jobs/305203	2026-10-08	weekly	0.6
jobs	https://jiwon.knowhow-it.com/jobs/305260	2026-10-08	weekly	0.6
jobs	https://jiwon.knowhow-it.com/jobs/305251	2026-10-08	weekly	0.6
jobs	https://jiwon.knowhow-it.com/jobs/305202	2026-10-08	weekly	0.6
jobs	https://jiwon.knowhow-it.com/jobs/305267	2026-10-08	weekly	0.6
jobs	https://jiwon.knowhow-it.com/jobs/305250	2026-10-08	weekly	0.6
jobs	https://jiwon.knowhow-it.com/jobs/305249	2026-10-08	weekly	0.6
jobs	https://jiwon.knowhow-it.com/jobs/305268	2026-10-08	weekly	0.6
jobs	https://jiwon.knowhow-it.com/jobs/305284	2026-10-08	weekly	0.6
jobs	https://jiwon.knowhow-it.com/jobs/305297	2026-10-08	weekly	0.6
jobs	https://jiwon.knowhow-it.com/jobs/305287	2026-10-08	weekly	0.6
jobs	https://jiwon.knowhow-it.com/jobs/305255	2026-10-08	weekly	0.6
jobs	https://jiwon.knowhow-it.com/jobs/305252	2026-10-08	weekly	0.6
jobs	https://jiwon.knowhow-it.com/jobs/305247	2026-10-08	weekly	0.6
jobs	https://jiwon.knowhow-it.com/jobs/305291	2026-10-08	weekly	0.6
jobs	https://jiwon.knowhow-it.com/jobs/305300	2026-10-08	weekly	0.6
jobs	https://jiwon.knowhow-it.com/jobs/305261	2026-10-08	weekly	0.6
jobs	https://jiwon.knowhow-it.com/jobs/305292	2026-10-08	weekly	0.6
jobs	https://jiwon.knowhow-it.com/jobs/305151	2026-10-08	weekly	0.6
jobs	https://jiwon.knowhow-it.com/jobs/305213	2026-10-08	weekly	0.6
jobs	https://jiwon.knowhow-it.com/jobs/305256	2026-10-08	weekly	0.6
jobs	https://jiwon.knowhow-it.com/jobs/305234	2026-10-08	weekly	0.6
jobs	https://jiwon.knowhow-it.com/jobs/305212	2026-10-08	weekly	0.6
jobs	https://jiwon.knowhow-it.com/jobs/305214	2026-10-08	weekly	0.6
jobs	https://jiwon.knowhow-it.com/jobs/305126	2026-10-08	weekly	0.6
jobs	https://jiwon.knowhow-it.com/jobs/305246	2026-10-08	weekly	0.6
jobs	https://jiwon.knowhow-it.com/jobs/305209	2026-10-08	weekly	0.6
jobs	https://jiwon.knowhow-it.com/jobs/305258	2026-10-08	weekly	0.6
jobs	https://jiwon.knowhow-it.com/jobs/305211	2026-10-08	weekly	0.6
jobs	https://jiwon.knowhow-it.com/jobs/305208	2026-10-08	weekly	0.6
jobs	https://jiwon.knowhow-it.com/jobs/305210	2026-10-08	weekly	0.6
jobs	https://jiwon.knowhow-it.com/jobs/305245	2026-10-08	weekly	0.6
jobs	https://jiwon.knowhow-it.com/jobs/305264	2026-10-08	weekly	0.6
jobs	https://jiwon.knowhow-it.com/jobs/305286	2026-10-08	weekly	0.6
jobs	https://jiwon.knowhow-it.com/jobs/305242	2026-10-08	weekly	0.6
jobs	https://jiwon.knowhow-it.com/jobs/305263	2026-10-08	weekly	0.6
jobs	https://jiwon.knowhow-it.com/jobs/305266	2026-10-08	weekly	0.6
jobs	https://jiwon.knowhow-it.com/jobs/305295	2026-10-08	weekly	0.6
jobs	https://jiwon.knowhow-it.com/jobs/305274	2026-10-08	weekly	0.6
jobs	https://jiwon.knowhow-it.com/jobs/305237	2026-10-08	weekly	0.6
jobs	https://jiwon.knowhow-it.com/jobs/305253	2026-10-08	weekly	0.6
jobs	https://jiwon.knowhow-it.com/jobs/305223	2026-10-08	weekly	0.6
jobs	https://jiwon.knowhow-it.com/jobs/305276	2026-10-08	weekly	0.6
jobs	https://jiwon.knowhow-it.com/jobs/305269	2026-10-08	weekly	0.6
jobs	https://jiwon.knowhow-it.com/jobs/305225	2026-10-08	weekly	0.6
jobs	https://jiwon.knowhow-it.com/jobs/305293	2026-10-08	weekly	0.6
jobs	https://jiwon.knowhow-it.com/jobs/305271	2026-10-08	weekly	0.6
jobs	https://jiwon.knowhow-it.com/jobs/305301	2026-10-08	weekly	0.6
jobs	https://jiwon.knowhow-it.com/jobs/305283	2026-10-08	weekly	0.6
jobs	https://jiwon.knowhow-it.com/jobs/305131	2026-10-08	weekly	0.6
jobs	https://jiwon.knowhow-it.com/jobs/305299	2026-10-08	weekly	0.6
jobs	https://jiwon.knowhow-it.com/jobs/305294	2026-10-08	weekly	0.6
jobs	https://jiwon.knowhow-it.com/jobs/305265	2026-10-08	weekly	0.6
jobs	https://jiwon.knowhow-it.com/jobs/305289	2026-10-08	weekly	0.6
jobs	https://jiwon.knowhow-it.com/jobs/305161	2026-10-08	weekly	0.6
jobs	https://jiwon.knowhow-it.com/jobs/305259	2026-10-08	weekly	0.6
jobs	https://jiwon.knowhow-it.com/jobs/305280	2026-10-08	weekly	0.6
jobs	https://jiwon.knowhow-it.com/jobs/305279	2026-10-08	weekly	0.6
jobs	https://jiwon.knowhow-it.com/jobs/305262	2026-10-08	weekly	0.6
jobs	https://jiwon.knowhow-it.com/jobs/305257	2026-10-08	weekly	0.6
jobs	https://jiwon.knowhow-it.com/jobs/305288	2026-10-08	weekly	0.6
jobs	https://jiwon.knowhow-it.com/jobs/305273	2026-10-08	weekly	0.6
jobs	https://jiwon.knowhow-it.com/jobs/305275	2026-10-08	weekly	0.6
jobs	https://jiwon.knowhow-it.com/jobs/305272	2026-10-08	weekly	0.6
jobs	https://jiwon.knowhow-it.com/jobs/305282	2026-10-08	weekly	0.6
jobs	https://jiwon.knowhow-it.com/jobs/305270	2026-10-08	weekly	0.6
jobs	https://jiwon.knowhow-it.com/jobs/305296	2026-10-08	weekly	0.6
jobs	https://jiwon.knowhow-it.com/jobs/305285	2026-10-08	weekly	0.6
jobs	https://jiwon.knowhow-it.com/jobs/305254	2026-10-08	weekly	0.6
jobs	https://jiwon.knowhow-it.com/jobs/305304	2026-10-08	weekly	0.6
jobs	https://jiwon.knowhow-it.com/jobs/305290	2026-10-08	weekly	0.6
jobs	https://jiwon.knowhow-it.com/jobs/305184	2026-10-07	weekly	0.6
jobs	https://jiwon.knowhow-it.com/jobs/305229	2026-10-07	weekly	0.6
jobs	https://jiwon.knowhow-it.com/jobs/305231	2026-10-07	weekly	0.6
jobs	https://jiwon.knowhow-it.com/jobs/305230	2026-10-07	weekly	0.6
jobs	https://jiwon.knowhow-it.com/jobs/305239	2026-10-07	weekly	0.6
jobs	https://jiwon.knowhow-it.com/jobs/305232	2026-10-07	weekly	0.6
jobs	https://jiwon.knowhow-it.com/jobs/305137	2026-10-07	weekly	0.6
jobs	https://jiwon.knowhow-it.com/jobs/305191	2026-10-07	weekly	0.6
jobs	https://jiwon.knowhow-it.com/jobs/305154	2026-10-07	weekly	0.6
jobs	https://jiwon.knowhow-it.com/jobs/305227	2026-10-07	weekly	0.6
jobs	https://jiwon.knowhow-it.com/jobs/305168	2026-10-07	weekly	0.6
jobs	https://jiwon.knowhow-it.com/jobs/305240	2026-10-07	weekly	0.6
jobs	https://jiwon.knowhow-it.com/jobs/305238	2026-10-07	weekly	0.6
jobs	https://jiwon.knowhow-it.com/jobs/305142	2026-10-07	weekly	0.6
jobs	https://jiwon.knowhow-it.com/jobs/305207	2026-10-07	weekly	0.6
jobs	https://jiwon.knowhow-it.com/jobs/305116	2026-10-07	weekly	0.6
jobs	https://jiwon.knowhow-it.com/jobs/305175	2026-10-07	weekly	0.6
jobs	https://jiwon.knowhow-it.com/jobs/305219	2026-10-07	weekly	0.6
jobs	https://jiwon.knowhow-it.com/jobs/305218	2026-10-07	weekly	0.6
jobs	https://jiwon.knowhow-it.com/jobs/305221	2026-10-07	weekly	0.6
jobs	https://jiwon.knowhow-it.com/jobs/305157	2026-10-07	weekly	0.6
jobs	https://jiwon.knowhow-it.com/jobs/305115	2026-10-07	weekly	0.6
jobs	https://jiwon.knowhow-it.com/jobs/305236	2026-10-07	weekly	0.6
jobs	https://jiwon.knowhow-it.com/jobs/305193	2026-10-07	weekly	0.6
jobs	https://jiwon.knowhow-it.com/jobs/305228	2026-10-07	weekly	0.6
jobs	https://jiwon.knowhow-it.com/jobs/305278	2026-10-07	weekly	0.6
jobs	https://jiwon.knowhow-it.com/jobs/305152	2026-10-07	weekly	0.6
jobs	https://jiwon.knowhow-it.com/jobs/305112	2026-10-07	weekly	0.6
jobs	https://jiwon.knowhow-it.com/jobs/305165	2026-10-07	weekly	0.6
jobs	https://jiwon.knowhow-it.com/jobs/305155	2026-10-07	weekly	0.6
jobs	https://jiwon.knowhow-it.com/jobs/305135	2026-10-07	weekly	0.6
jobs	https://jiwon.knowhow-it.com/jobs/305178	2026-10-07	weekly	0.6
jobs	https://jiwon.knowhow-it.com/jobs/305195	2026-10-07	weekly	0.6
jobs	https://jiwon.knowhow-it.com/jobs/305144	2026-10-07	weekly	0.6
jobs	https://jiwon.knowhow-it.com/jobs/305129	2026-10-07	weekly	0.6
jobs	https://jiwon.knowhow-it.com/jobs/305117	2026-10-07	weekly	0.6
jobs	https://jiwon.knowhow-it.com/jobs/305187	2026-10-07	weekly	0.6
jobs	https://jiwon.knowhow-it.com/jobs/305114	2026-10-07	weekly	0.6
jobs	https://jiwon.knowhow-it.com/jobs/305220	2026-10-07	weekly	0.6
jobs	https://jiwon.knowhow-it.com/jobs/305180	2026-10-07	weekly	0.6
jobs	https://jiwon.knowhow-it.com/jobs/305222	2026-10-07	weekly	0.6
jobs	https://jiwon.knowhow-it.com/jobs/305174	2026-10-07	weekly	0.6
jobs	https://jiwon.knowhow-it.com/jobs/305303	2026-10-07	weekly	0.6
jobs	https://jiwon.knowhow-it.com/jobs/305167	2026-10-07	weekly	0.6
jobs	https://jiwon.knowhow-it.com/jobs/305172	2026-10-07	weekly	0.6
jobs	https://jiwon.knowhow-it.com/jobs/305176	2026-10-07	weekly	0.6
jobs	https://jiwon.knowhow-it.com/jobs/305170	2026-10-07	weekly	0.6
jobs	https://jiwon.knowhow-it.com/jobs/305233	2026-10-07	weekly	0.6
jobs	https://jiwon.knowhow-it.com/jobs/305160	2026-10-07	weekly	0.6
jobs	https://jiwon.knowhow-it.com/jobs/305162	2026-10-07	weekly	0.6
jobs	https://jiwon.knowhow-it.com/jobs/305204	2026-10-07	weekly	0.6
jobs	https://jiwon.knowhow-it.com/jobs/305118	2026-10-07	weekly	0.6
jobs	https://jiwon.knowhow-it.com/jobs/305124	2026-10-07	weekly	0.6
jobs	https://jiwon.knowhow-it.com/jobs/305119	2026-10-07	weekly	0.6
jobs	https://jiwon.knowhow-it.com/jobs/305153	2026-10-07	weekly	0.6
jobs	https://jiwon.knowhow-it.com/jobs/305189	2026-10-07	weekly	0.6
jobs	https://jiwon.knowhow-it.com/jobs/304743	2026-10-07	weekly	0.6
jobs	https://jiwon.knowhow-it.com/jobs/305121	2026-10-07	weekly	0.6
jobs	https://jiwon.knowhow-it.com/jobs/305120	2026-10-07	weekly	0.6
jobs	https://jiwon.knowhow-it.com/jobs/305182	2026-10-07	weekly	0.6
jobs	https://jiwon.knowhow-it.com/jobs/305149	2026-10-07	weekly	0.6
jobs	https://jiwon.knowhow-it.com/jobs/305091	2026-10-07	weekly	0.6
jobs	https://jiwon.knowhow-it.com/jobs/305015	2026-10-07	weekly	0.6
jobs	https://jiwon.knowhow-it.com/jobs/305136	2026-10-07	weekly	0.6
jobs	https://jiwon.knowhow-it.com/jobs/305166	2026-10-07	weekly	0.6
jobs	https://jiwon.knowhow-it.com/jobs/305146	2026-10-07	weekly	0.6
jobs	https://jiwon.knowhow-it.com/jobs/305127	2026-10-07	weekly	0.6
jobs	https://jiwon.knowhow-it.com/jobs/305177	2026-10-07	weekly	0.6
jobs	https://jiwon.knowhow-it.com/jobs/305217	2026-10-07	weekly	0.6
jobs	https://jiwon.knowhow-it.com/jobs/305147	2026-10-07	weekly	0.6
jobs	https://jiwon.knowhow-it.com/jobs/305125	2026-10-07	weekly	0.6
jobs	https://jiwon.knowhow-it.com/jobs/305143	2026-10-07	weekly	0.6
jobs	https://jiwon.knowhow-it.com/jobs/305206	2026-10-07	weekly	0.6
jobs	https://jiwon.knowhow-it.com/jobs/305277	2026-10-07	weekly	0.6
jobs	https://jiwon.knowhow-it.com/jobs/305224	2026-10-07	weekly	0.6
jobs	https://jiwon.knowhow-it.com/jobs/305201	2026-10-07	weekly	0.6
jobs	https://jiwon.knowhow-it.com/jobs/305199	2026-10-07	weekly	0.6
jobs	https://jiwon.knowhow-it.com/jobs/305192	2026-10-07	weekly	0.6
jobs	https://jiwon.knowhow-it.com/jobs/305163	2026-10-07	weekly	0.6
jobs	https://jiwon.knowhow-it.com/jobs/305156	2026-10-07	weekly	0.6
jobs	https://jiwon.knowhow-it.com/jobs/305200	2026-10-07	weekly	0.6
jobs	https://jiwon.knowhow-it.com/jobs/305179	2026-10-07	weekly	0.6
jobs	https://jiwon.knowhow-it.com/jobs/305158	2026-10-07	weekly	0.6
jobs	https://jiwon.knowhow-it.com/jobs/305205	2026-10-07	weekly	0.6
jobs	https://jiwon.knowhow-it.com/jobs/304966	2026-10-07	weekly	0.6
jobs	https://jiwon.knowhow-it.com/jobs/305181	2026-10-07	weekly	0.6
jobs	https://jiwon.knowhow-it.com/jobs/305164	2026-10-07	weekly	0.6
jobs	https://jiwon.knowhow-it.com/jobs/305171	2026-10-07	weekly	0.6
jobs	https://jiwon.knowhow-it.com/jobs/305186	2026-10-07	weekly	0.6
jobs	https://jiwon.knowhow-it.com/jobs/305134	2026-10-07	weekly	0.6
jobs	https://jiwon.knowhow-it.com/jobs/305113	2026-10-07	weekly	0.6
jobs	https://jiwon.knowhow-it.com/jobs/305159	2026-10-07	weekly	0.6
jobs	https://jiwon.knowhow-it.com/jobs/305141	2026-10-07	weekly	0.6
jobs	https://jiwon.knowhow-it.com/jobs/305190	2026-10-07	weekly	0.6
jobs	https://jiwon.knowhow-it.com/jobs/303839	2026-10-07	weekly	0.6
jobs	https://jiwon.knowhow-it.com/jobs/305226	2026-10-07	weekly	0.6
jobs	https://jiwon.knowhow-it.com/jobs/305185	2026-10-07	weekly	0.6
jobs	https://jiwon.knowhow-it.com/jobs/305183	2026-10-07	weekly	0.6
jobs	https://jiwon.knowhow-it.com/jobs/305169	2026-10-07	weekly	0.6
jobs	https://jiwon.knowhow-it.com/jobs/305132	2026-10-07	weekly	0.6
jobs	https://jiwon.knowhow-it.com/jobs/305197	2026-10-07	weekly	0.6
jobs	https://jiwon.knowhow-it.com/jobs/305196	2026-10-07	weekly	0.6
jobs	https://jiwon.knowhow-it.com/jobs/305194	2026-10-07	weekly	0.6
jobs	https://jiwon.knowhow-it.com/jobs/305150	2026-10-07	weekly	0.6
jobs	https://jiwon.knowhow-it.com/jobs/305138	2026-10-07	weekly	0.6
jobs	https://jiwon.knowhow-it.com/jobs/305133	2026-10-07	weekly	0.6
jobs	https://jiwon.knowhow-it.com/jobs/305244	2026-10-07	weekly	0.6
jobs	https://jiwon.knowhow-it.com/jobs/305130	2026-10-07	weekly	0.6
jobs	https://jiwon.knowhow-it.com/jobs/305188	2026-10-07	weekly	0.6
jobs	https://jiwon.knowhow-it.com/jobs/305128	2026-10-07	weekly	0.6
jobs	https://jiwon.knowhow-it.com/jobs/305139	2026-10-07	weekly	0.6
jobs	https://jiwon.knowhow-it.com/jobs/305034	2026-10-06	weekly	0.6
jobs	https://jiwon.knowhow-it.com/jobs/305072	2026-10-06	weekly	0.6
jobs	https://jiwon.knowhow-it.com/jobs/305011	2026-10-06	weekly	0.6
jobs	https://jiwon.knowhow-it.com/jobs/305026	2026-10-06	weekly	0.6
jobs	https://jiwon.knowhow-it.com/jobs/305025	2026-10-06	weekly	0.6
jobs	https://jiwon.knowhow-it.com/jobs/305079	2026-10-06	weekly	0.6
jobs	https://jiwon.knowhow-it.com/jobs/305140	2026-10-06	weekly	0.6
jobs	https://jiwon.knowhow-it.com/jobs/305105	2026-10-06	weekly	0.6
jobs	https://jiwon.knowhow-it.com/jobs/304962	2026-10-06	weekly	0.6
jobs	https://jiwon.knowhow-it.com/jobs/305005	2026-10-06	weekly	0.6
jobs	https://jiwon.knowhow-it.com/jobs/305108	2026-10-06	weekly	0.6
jobs	https://jiwon.knowhow-it.com/jobs/305097	2026-10-06	weekly	0.6
jobs	https://jiwon.knowhow-it.com/jobs/304993	2026-10-06	weekly	0.6
jobs	https://jiwon.knowhow-it.com/jobs/305107	2026-10-06	weekly	0.6
jobs	https://jiwon.knowhow-it.com/jobs/304985	2026-10-06	weekly	0.6
jobs	https://jiwon.knowhow-it.com/jobs/304988	2026-10-06	weekly	0.6
jobs	https://jiwon.knowhow-it.com/jobs/304987	2026-10-06	weekly	0.6
jobs	https://jiwon.knowhow-it.com/jobs/305109	2026-10-06	weekly	0.6
jobs	https://jiwon.knowhow-it.com/jobs/304986	2026-10-06	weekly	0.6
jobs	https://jiwon.knowhow-it.com/jobs/305028	2026-10-06	weekly	0.6
jobs	https://jiwon.knowhow-it.com/jobs/305063	2026-10-06	weekly	0.6
jobs	https://jiwon.knowhow-it.com/jobs/304990	2026-10-06	weekly	0.6
jobs	https://jiwon.knowhow-it.com/jobs/304989	2026-10-06	weekly	0.6
jobs	https://jiwon.knowhow-it.com/jobs/305092	2026-10-06	weekly	0.6
jobs	https://jiwon.knowhow-it.com/jobs/305054	2026-10-06	weekly	0.6
jobs	https://jiwon.knowhow-it.com/jobs/305056	2026-10-06	weekly	0.6
jobs	https://jiwon.knowhow-it.com/jobs/305077	2026-10-06	weekly	0.6
jobs	https://jiwon.knowhow-it.com/jobs/305078	2026-10-06	weekly	0.6
jobs	https://jiwon.knowhow-it.com/jobs/305010	2026-10-06	weekly	0.6
jobs	https://jiwon.knowhow-it.com/jobs/305019	2026-10-06	weekly	0.6
jobs	https://jiwon.knowhow-it.com/jobs/305008	2026-10-06	weekly	0.6
jobs	https://jiwon.knowhow-it.com/jobs/305018	2026-10-06	weekly	0.6
jobs	https://jiwon.knowhow-it.com/jobs/305044	2026-10-06	weekly	0.6
jobs	https://jiwon.knowhow-it.com/jobs/305006	2026-10-06	weekly	0.6
jobs	https://jiwon.knowhow-it.com/jobs/305081	2026-10-06	weekly	0.6
jobs	https://jiwon.knowhow-it.com/jobs/305070	2026-10-06	weekly	0.6
jobs	https://jiwon.knowhow-it.com/jobs/304999	2026-10-06	weekly	0.6
jobs	https://jiwon.knowhow-it.com/jobs/305104	2026-10-06	weekly	0.6
jobs	https://jiwon.knowhow-it.com/jobs/305084	2026-10-06	weekly	0.6
jobs	https://jiwon.knowhow-it.com/jobs/305123	2026-10-06	weekly	0.6
jobs	https://jiwon.knowhow-it.com/jobs/305093	2026-10-06	weekly	0.6
jobs	https://jiwon.knowhow-it.com/jobs/305051	2026-10-06	weekly	0.6
jobs	https://jiwon.knowhow-it.com/jobs/305086	2026-10-06	weekly	0.6
jobs	https://jiwon.knowhow-it.com/jobs/305173	2026-10-06	weekly	0.6
jobs	https://jiwon.knowhow-it.com/jobs/305022	2026-10-06	weekly	0.6
jobs	https://jiwon.knowhow-it.com/jobs/305027	2026-10-06	weekly	0.6
jobs	https://jiwon.knowhow-it.com/jobs/305003	2026-10-06	weekly	0.6
jobs	https://jiwon.knowhow-it.com/jobs/305009	2026-10-06	weekly	0.6
jobs	https://jiwon.knowhow-it.com/jobs/305033	2026-10-06	weekly	0.6
jobs	https://jiwon.knowhow-it.com/jobs/305024	2026-10-06	weekly	0.6
jobs	https://jiwon.knowhow-it.com/jobs/305001	2026-10-06	weekly	0.6
jobs	https://jiwon.knowhow-it.com/jobs/305000	2026-10-06	weekly	0.6
jobs	https://jiwon.knowhow-it.com/jobs/305042	2026-10-06	weekly	0.6
jobs	https://jiwon.knowhow-it.com/jobs/305080	2026-10-06	weekly	0.6
jobs	https://jiwon.knowhow-it.com/jobs/305007	2026-10-06	weekly	0.6
jobs	https://jiwon.knowhow-it.com/jobs/305058	2026-10-06	weekly	0.6
jobs	https://jiwon.knowhow-it.com/jobs/305089	2026-10-06	weekly	0.6
jobs	https://jiwon.knowhow-it.com/jobs/304929	2026-10-06	weekly	0.6
jobs	https://jiwon.knowhow-it.com/jobs/304996	2026-10-06	weekly	0.6
jobs	https://jiwon.knowhow-it.com/jobs/305102	2026-10-06	weekly	0.6
jobs	https://jiwon.knowhow-it.com/jobs/305053	2026-10-06	weekly	0.6
jobs	https://jiwon.knowhow-it.com/jobs/305050	2026-10-06	weekly	0.6
jobs	https://jiwon.knowhow-it.com/jobs/305059	2026-10-06	weekly	0.6
jobs	https://jiwon.knowhow-it.com/jobs/305085	2026-10-06	weekly	0.6
jobs	https://jiwon.knowhow-it.com/jobs/305103	2026-10-06	weekly	0.6
jobs	https://jiwon.knowhow-it.com/jobs/305016	2026-10-06	weekly	0.6
jobs	https://jiwon.knowhow-it.com/jobs/305002	2026-10-06	weekly	0.6
jobs	https://jiwon.knowhow-it.com/jobs/305017	2026-10-06	weekly	0.6
jobs	https://jiwon.knowhow-it.com/jobs/305062	2026-10-06	weekly	0.6
jobs	https://jiwon.knowhow-it.com/jobs/305096	2026-10-06	weekly	0.6
jobs	https://jiwon.knowhow-it.com/jobs/305061	2026-10-06	weekly	0.6
jobs	https://jiwon.knowhow-it.com/jobs/305069	2026-10-06	weekly	0.6
jobs	https://jiwon.knowhow-it.com/jobs/305106	2026-10-06	weekly	0.6
jobs	https://jiwon.knowhow-it.com/jobs/305094	2026-10-06	weekly	0.6
jobs	https://jiwon.knowhow-it.com/jobs/305049	2026-10-06	weekly	0.6
jobs	https://jiwon.knowhow-it.com/jobs/304998	2026-10-06	weekly	0.6
jobs	https://jiwon.knowhow-it.com/jobs/305099	2026-10-06	weekly	0.6
jobs	https://jiwon.knowhow-it.com/jobs/305060	2026-10-06	weekly	0.6
jobs	https://jiwon.knowhow-it.com/jobs/305071	2026-10-06	weekly	0.6
jobs	https://jiwon.knowhow-it.com/jobs/305083	2026-10-06	weekly	0.6
jobs	https://jiwon.knowhow-it.com/jobs/305037	2026-10-06	weekly	0.6
jobs	https://jiwon.knowhow-it.com/jobs/305068	2026-10-06	weekly	0.6
jobs	https://jiwon.knowhow-it.com/jobs/305057	2026-10-06	weekly	0.6
jobs	https://jiwon.knowhow-it.com/jobs/305087	2026-10-06	weekly	0.6
jobs	https://jiwon.knowhow-it.com/jobs/305095	2026-10-06	weekly	0.6
jobs	https://jiwon.knowhow-it.com/jobs/304997	2026-10-06	weekly	0.6
jobs	https://jiwon.knowhow-it.com/jobs/305075	2026-10-06	weekly	0.6
jobs	https://jiwon.knowhow-it.com/jobs/305035	2026-10-06	weekly	0.6
jobs	https://jiwon.knowhow-it.com/jobs/305036	2026-10-06	weekly	0.6
jobs	https://jiwon.knowhow-it.com/jobs/305055	2026-10-06	weekly	0.6
jobs	https://jiwon.knowhow-it.com/jobs/305048	2026-10-06	weekly	0.6
jobs	https://jiwon.knowhow-it.com/jobs/305101	2026-10-06	weekly	0.6
jobs	https://jiwon.knowhow-it.com/jobs/305021	2026-10-06	weekly	0.6
jobs	https://jiwon.knowhow-it.com/jobs/305041	2026-10-06	weekly	0.6
jobs	https://jiwon.knowhow-it.com/jobs/305039	2026-10-06	weekly	0.6
jobs	https://jiwon.knowhow-it.com/jobs/305032	2026-10-06	weekly	0.6
jobs	https://jiwon.knowhow-it.com/jobs/305030	2026-10-06	weekly	0.6
jobs	https://jiwon.knowhow-it.com/jobs/305090	2026-10-06	weekly	0.6
jobs	https://jiwon.knowhow-it.com/jobs/305031	2026-10-06	weekly	0.6
jobs	https://jiwon.knowhow-it.com/jobs/305074	2026-10-06	weekly	0.6
jobs	https://jiwon.knowhow-it.com/jobs/304995	2026-10-06	weekly	0.6
jobs	https://jiwon.knowhow-it.com/jobs/305076	2026-10-06	weekly	0.6
jobs	https://jiwon.knowhow-it.com/jobs/305073	2026-10-06	weekly	0.6
jobs	https://jiwon.knowhow-it.com/jobs/305046	2026-10-06	weekly	0.6
jobs	https://jiwon.knowhow-it.com/jobs/305082	2026-10-06	weekly	0.6
jobs	https://jiwon.knowhow-it.com/jobs/305047	2026-10-06	weekly	0.6
jobs	https://jiwon.knowhow-it.com/jobs/305023	2026-10-06	weekly	0.6
jobs	https://jiwon.knowhow-it.com/jobs/305067	2026-10-06	weekly	0.6
jobs	https://jiwon.knowhow-it.com/jobs/305065	2026-10-06	weekly	0.6
jobs	https://jiwon.knowhow-it.com/jobs/305064	2026-10-06	weekly	0.6
jobs	https://jiwon.knowhow-it.com/jobs/305111	2026-10-06	weekly	0.6
jobs	https://jiwon.knowhow-it.com/jobs/304994	2026-10-06	weekly	0.6
jobs	https://jiwon.knowhow-it.com/jobs/304991	2026-10-06	weekly	0.6
jobs	https://jiwon.knowhow-it.com/jobs/305012	2026-10-06	weekly	0.6
jobs	https://jiwon.knowhow-it.com/jobs/305004	2026-10-06	weekly	0.6
jobs	https://jiwon.knowhow-it.com/jobs/305038	2026-10-06	weekly	0.6
jobs	https://jiwon.knowhow-it.com/jobs/305043	2026-10-06	weekly	0.6
jobs	https://jiwon.knowhow-it.com/jobs/304992	2026-10-05	weekly	0.6
jobs	https://jiwon.knowhow-it.com/jobs/304984	2026-10-04	weekly	0.6
jobs	https://jiwon.knowhow-it.com/jobs/304983	2026-10-04	weekly	0.6
jobs	https://jiwon.knowhow-it.com/jobs/304981	2026-10-03	weekly	0.6
jobs	https://jiwon.knowhow-it.com/jobs/304982	2026-10-03	weekly	0.6
jobs	https://jiwon.knowhow-it.com/jobs/304940	2026-10-03	weekly	0.6
jobs	https://jiwon.knowhow-it.com/jobs/304925	2026-10-03	weekly	0.6
jobs	https://jiwon.knowhow-it.com/jobs/304923	2026-10-02	weekly	0.6
jobs	https://jiwon.knowhow-it.com/jobs/304924	2026-10-02	weekly	0.6
jobs	https://jiwon.knowhow-it.com/jobs/304972	2026-10-02	weekly	0.6
jobs	https://jiwon.knowhow-it.com/jobs/304562	2026-10-02	weekly	0.6
jobs	https://jiwon.knowhow-it.com/jobs/304900	2026-10-02	weekly	0.6
jobs	https://jiwon.knowhow-it.com/jobs/304970	2026-10-02	weekly	0.6
jobs	https://jiwon.knowhow-it.com/jobs/304878	2026-10-02	weekly	0.6
jobs	https://jiwon.knowhow-it.com/jobs/304868	2026-10-02	weekly	0.6
jobs	https://jiwon.knowhow-it.com/jobs/304421	2026-10-02	weekly	0.6
jobs	https://jiwon.knowhow-it.com/jobs/304889	2026-10-02	weekly	0.6
jobs	https://jiwon.knowhow-it.com/jobs/304957	2026-10-02	weekly	0.6
jobs	https://jiwon.knowhow-it.com/jobs/304952	2026-10-02	weekly	0.6
jobs	https://jiwon.knowhow-it.com/jobs/304956	2026-10-02	weekly	0.6
jobs	https://jiwon.knowhow-it.com/jobs/304890	2026-10-02	weekly	0.6
jobs	https://jiwon.knowhow-it.com/jobs/304931	2026-10-02	weekly	0.6
jobs	https://jiwon.knowhow-it.com/jobs/304976	2026-10-02	weekly	0.6
jobs	https://jiwon.knowhow-it.com/jobs/304874	2026-10-02	weekly	0.6
jobs	https://jiwon.knowhow-it.com/jobs/304872	2026-10-02	weekly	0.6
jobs	https://jiwon.knowhow-it.com/jobs/304864	2026-10-02	weekly	0.6
jobs	https://jiwon.knowhow-it.com/jobs/304974	2026-10-02	weekly	0.6
jobs	https://jiwon.knowhow-it.com/jobs/304910	2026-10-02	weekly	0.6
jobs	https://jiwon.knowhow-it.com/jobs/304936	2026-10-02	weekly	0.6
jobs	https://jiwon.knowhow-it.com/jobs/304958	2026-10-02	weekly	0.6
jobs	https://jiwon.knowhow-it.com/jobs/304800	2026-10-02	weekly	0.6
jobs	https://jiwon.knowhow-it.com/jobs/304930	2026-10-02	weekly	0.6
jobs	https://jiwon.knowhow-it.com/jobs/304871	2026-10-02	weekly	0.6
jobs	https://jiwon.knowhow-it.com/jobs/304963	2026-10-02	weekly	0.6
jobs	https://jiwon.knowhow-it.com/jobs/304964	2026-10-02	weekly	0.6
jobs	https://jiwon.knowhow-it.com/jobs/304971	2026-10-02	weekly	0.6
jobs	https://jiwon.knowhow-it.com/jobs/304882	2026-10-02	weekly	0.6
jobs	https://jiwon.knowhow-it.com/jobs/304942	2026-10-02	weekly	0.6
jobs	https://jiwon.knowhow-it.com/jobs/304894	2026-10-02	weekly	0.6
jobs	https://jiwon.knowhow-it.com/jobs/304893	2026-10-02	weekly	0.6
jobs	https://jiwon.knowhow-it.com/jobs/304973	2026-10-02	weekly	0.6
jobs	https://jiwon.knowhow-it.com/jobs/304845	2026-10-02	weekly	0.6
jobs	https://jiwon.knowhow-it.com/jobs/304746	2026-10-02	weekly	0.6
jobs	https://jiwon.knowhow-it.com/jobs/304909	2026-10-02	weekly	0.6
jobs	https://jiwon.knowhow-it.com/jobs/304898	2026-10-02	weekly	0.6
jobs	https://jiwon.knowhow-it.com/jobs/304891	2026-10-02	weekly	0.6
jobs	https://jiwon.knowhow-it.com/jobs/304921	2026-10-02	weekly	0.6
jobs	https://jiwon.knowhow-it.com/jobs/304901	2026-10-02	weekly	0.6
jobs	https://jiwon.knowhow-it.com/jobs/304870	2026-10-02	weekly	0.6
jobs	https://jiwon.knowhow-it.com/jobs/304938	2026-10-02	weekly	0.6
jobs	https://jiwon.knowhow-it.com/jobs/304908	2026-10-02	weekly	0.6
jobs	https://jiwon.knowhow-it.com/jobs/303791	2026-10-02	weekly	0.6
jobs	https://jiwon.knowhow-it.com/jobs/304937	2026-10-02	weekly	0.6
jobs	https://jiwon.knowhow-it.com/jobs/304943	2026-10-02	weekly	0.6
jobs	https://jiwon.knowhow-it.com/jobs/304941	2026-10-02	weekly	0.6
jobs	https://jiwon.knowhow-it.com/jobs/304979	2026-10-02	weekly	0.6
jobs	https://jiwon.knowhow-it.com/jobs/304945	2026-10-02	weekly	0.6
jobs	https://jiwon.knowhow-it.com/jobs/304902	2026-10-02	weekly	0.6
jobs	https://jiwon.knowhow-it.com/jobs/304892	2026-10-02	weekly	0.6
jobs	https://jiwon.knowhow-it.com/jobs/304788	2026-10-02	weekly	0.6
jobs	https://jiwon.knowhow-it.com/jobs/304920	2026-10-02	weekly	0.6
jobs	https://jiwon.knowhow-it.com/jobs/304918	2026-10-02	weekly	0.6
jobs	https://jiwon.knowhow-it.com/jobs/304888	2026-10-02	weekly	0.6
jobs	https://jiwon.knowhow-it.com/jobs/304954	2026-10-02	weekly	0.6
jobs	https://jiwon.knowhow-it.com/jobs/304903	2026-10-02	weekly	0.6
jobs	https://jiwon.knowhow-it.com/jobs/304887	2026-10-02	weekly	0.6
jobs	https://jiwon.knowhow-it.com/jobs/304881	2026-10-02	weekly	0.6
jobs	https://jiwon.knowhow-it.com/jobs/304949	2026-10-02	weekly	0.6
jobs	https://jiwon.knowhow-it.com/jobs/305029	2026-10-02	weekly	0.6
jobs	https://jiwon.knowhow-it.com/jobs/304877	2026-10-02	weekly	0.6
jobs	https://jiwon.knowhow-it.com/jobs/304946	2026-10-02	weekly	0.6
jobs	https://jiwon.knowhow-it.com/jobs/304961	2026-10-02	weekly	0.6
jobs	https://jiwon.knowhow-it.com/jobs/304953	2026-10-02	weekly	0.6
jobs	https://jiwon.knowhow-it.com/jobs/304965	2026-10-02	weekly	0.6
jobs	https://jiwon.knowhow-it.com/jobs/304867	2026-10-02	weekly	0.6
jobs	https://jiwon.knowhow-it.com/jobs/304873	2026-10-02	weekly	0.6
jobs	https://jiwon.knowhow-it.com/jobs/304880	2026-10-02	weekly	0.6
jobs	https://jiwon.knowhow-it.com/jobs/304883	2026-10-02	weekly	0.6
jobs	https://jiwon.knowhow-it.com/jobs/304905	2026-10-02	weekly	0.6
jobs	https://jiwon.knowhow-it.com/jobs/304904	2026-10-02	weekly	0.6
jobs	https://jiwon.knowhow-it.com/jobs/304919	2026-10-02	weekly	0.6
jobs	https://jiwon.knowhow-it.com/jobs/304911	2026-10-02	weekly	0.6
jobs	https://jiwon.knowhow-it.com/jobs/304917	2026-10-02	weekly	0.6
jobs	https://jiwon.knowhow-it.com/jobs/304932	2026-10-02	weekly	0.6
jobs	https://jiwon.knowhow-it.com/jobs/304950	2026-10-02	weekly	0.6
jobs	https://jiwon.knowhow-it.com/jobs/304884	2026-10-02	weekly	0.6
jobs	https://jiwon.knowhow-it.com/jobs/304959	2026-10-02	weekly	0.6
jobs	https://jiwon.knowhow-it.com/jobs/305052	2026-10-02	weekly	0.6
jobs	https://jiwon.knowhow-it.com/jobs/304968	2026-10-02	weekly	0.6
jobs	https://jiwon.knowhow-it.com/jobs/305040	2026-10-02	weekly	0.6
jobs	https://jiwon.knowhow-it.com/jobs/304980	2026-10-02	weekly	0.6
jobs	https://jiwon.knowhow-it.com/jobs/304960	2026-10-02	weekly	0.6
jobs	https://jiwon.knowhow-it.com/jobs/304895	2026-10-02	weekly	0.6
jobs	https://jiwon.knowhow-it.com/jobs/304933	2026-10-02	weekly	0.6
jobs	https://jiwon.knowhow-it.com/jobs/304907	2026-10-02	weekly	0.6
jobs	https://jiwon.knowhow-it.com/jobs/304869	2026-10-02	weekly	0.6
jobs	https://jiwon.knowhow-it.com/jobs/304899	2026-10-02	weekly	0.6
licenses	https://jiwon.knowhow-it.com/license/9753		monthly	0.6
licenses	https://jiwon.knowhow-it.com/license/9750		monthly	0.6
licenses	https://jiwon.knowhow-it.com/license/9754		monthly	0.6
licenses	https://jiwon.knowhow-it.com/license/9751		monthly	0.6
licenses	https://jiwon.knowhow-it.com/license/9755		monthly	0.6
licenses	https://jiwon.knowhow-it.com/license/9752		monthly	0.6
licenses	https://jiwon.knowhow-it.com/license/2177		monthly	0.6
licenses	https://jiwon.knowhow-it.com/license/7785		monthly	0.6
licenses	https://jiwon.knowhow-it.com/license/7140		monthly	0.6
licenses	https://jiwon.knowhow-it.com/license/2142		monthly	0.6
licenses	https://jiwon.knowhow-it.com/license/9503		monthly	0.6
licenses	https://jiwon.knowhow-it.com/license/6335		monthly	0.6
licenses	https://jiwon.knowhow-it.com/license/3375		monthly	0.6
licenses	https://jiwon.knowhow-it.com/license/1471		monthly	0.6
licenses	https://jiwon.knowhow-it.com/license/0752		monthly	0.6
licenses	https://jiwon.knowhow-it.com/license/2471		monthly	0.6
licenses	https://jiwon.knowhow-it.com/license/6224		monthly	0.6
licenses	https://jiwon.knowhow-it.com/license/9749		monthly	0.6
licenses	https://jiwon.knowhow-it.com/license/9745		monthly	0.6
licenses	https://jiwon.knowhow-it.com/license/2044		monthly	0.6
licenses	https://jiwon.knowhow-it.com/license/7170		monthly	0.6
licenses	https://jiwon.knowhow-it.com/license/0080		monthly	0.6
licenses	https://jiwon.knowhow-it.com/license/1040		monthly	0.6
licenses	https://jiwon.knowhow-it.com/license/2040		monthly	0.6
licenses	https://jiwon.knowhow-it.com/license/6298		monthly	0.6
licenses	https://jiwon.knowhow-it.com/license/3120		monthly	0.6
licenses	https://jiwon.knowhow-it.com/license/1050		monthly	0.6
licenses	https://jiwon.knowhow-it.com/license/2050		monthly	0.6
licenses	https://jiwon.knowhow-it.com/license/1440		monthly	0.6
licenses	https://jiwon.knowhow-it.com/license/0740		monthly	0.6
licenses	https://jiwon.knowhow-it.com/license/2390		monthly	0.6
licenses	https://jiwon.knowhow-it.com/license/7132		monthly	0.6
licenses	https://jiwon.knowhow-it.com/license/1750		monthly	0.6
licenses	https://jiwon.knowhow-it.com/license/2600		monthly	0.6
licenses	https://jiwon.knowhow-it.com/license/0490		monthly	0.6
licenses	https://jiwon.knowhow-it.com/license/0501		monthly	0.6
licenses	https://jiwon.knowhow-it.com/license/1630		monthly	0.6
licenses	https://jiwon.knowhow-it.com/license/7150		monthly	0.6
licenses	https://jiwon.knowhow-it.com/license/7130		monthly	0.6
licenses	https://jiwon.knowhow-it.com/license/2253		monthly	0.6
licenses	https://jiwon.knowhow-it.com/license/3611		monthly	0.6
licenses	https://jiwon.knowhow-it.com/license/2530		monthly	0.6
licenses	https://jiwon.knowhow-it.com/license/1632		monthly	0.6
licenses	https://jiwon.knowhow-it.com/license/2531		monthly	0.6
licenses	https://jiwon.knowhow-it.com/license/0510		monthly	0.6
licenses	https://jiwon.knowhow-it.com/license/3621		monthly	0.6
licenses	https://jiwon.knowhow-it.com/license/2251		monthly	0.6
licenses	https://jiwon.knowhow-it.com/license/0502		monthly	0.6
licenses	https://jiwon.knowhow-it.com/license/0511		monthly	0.6
licenses	https://jiwon.knowhow-it.com/license/9748		monthly	0.6
licenses	https://jiwon.knowhow-it.com/license/9747		monthly	0.6
licenses	https://jiwon.knowhow-it.com/license/9697		monthly	0.6
licenses	https://jiwon.knowhow-it.com/license/9700		monthly	0.6
licenses	https://jiwon.knowhow-it.com/license/9728		monthly	0.6
licenses	https://jiwon.knowhow-it.com/license/9696		monthly	0.6
licenses	https://jiwon.knowhow-it.com/license/9698		monthly	0.6
licenses	https://jiwon.knowhow-it.com/license/9699		monthly	0.6
licenses	https://jiwon.knowhow-it.com/license/9705		monthly	0.6
licenses	https://jiwon.knowhow-it.com/license/9704		monthly	0.6
licenses	https://jiwon.knowhow-it.com/license/9703		monthly	0.6
licenses	https://jiwon.knowhow-it.com/license/9701		monthly	0.6
licenses	https://jiwon.knowhow-it.com/license/9702		monthly	0.6
licenses	https://jiwon.knowhow-it.com/license/6981		monthly	0.6
licenses	https://jiwon.knowhow-it.com/license/2331		monthly	0.6
licenses	https://jiwon.knowhow-it.com/license/9777		monthly	0.6
licenses	https://jiwon.knowhow-it.com/license/8070		monthly	0.6
licenses	https://jiwon.knowhow-it.com/license/9500		monthly	0.6
licenses	https://jiwon.knowhow-it.com/license/9630		monthly	0.6
licenses	https://jiwon.knowhow-it.com/license/0760		monthly	0.6
licenses	https://jiwon.knowhow-it.com/license/6320		monthly	0.6
licenses	https://jiwon.knowhow-it.com/license/1730		monthly	0.6
licenses	https://jiwon.knowhow-it.com/license/0071		monthly	0.6
licenses	https://jiwon.knowhow-it.com/license/2590		monthly	0.6
licenses	https://jiwon.knowhow-it.com/license/9625		monthly	0.6
licenses	https://jiwon.knowhow-it.com/license/9627		monthly	0.6
licenses	https://jiwon.knowhow-it.com/license/9634		monthly	0.6
licenses	https://jiwon.knowhow-it.com/license/9633		monthly	0.6
licenses	https://jiwon.knowhow-it.com/license/9624		monthly	0.6
licenses	https://jiwon.knowhow-it.com/license/9626		monthly	0.6
licenses	https://jiwon.knowhow-it.com/license/9635		monthly	0.6
licenses	https://jiwon.knowhow-it.com/license/9661		monthly	0.6
licenses	https://jiwon.knowhow-it.com/license/9631		monthly	0.6
licenses	https://jiwon.knowhow-it.com/license/9628		monthly	0.6
licenses	https://jiwon.knowhow-it.com/license/9629		monthly	0.6
licenses	https://jiwon.knowhow-it.com/license/9632		monthly	0.6
licenses	https://jiwon.knowhow-it.com/license/9640		monthly	0.6
licenses	https://jiwon.knowhow-it.com/license/7385		monthly	0.6
licenses	https://jiwon.knowhow-it.com/license/7371		monthly	0.6
licenses	https://jiwon.knowhow-it.com/license/7372		monthly	0.6
licenses	https://jiwon.knowhow-it.com/license/2108		monthly	0.6
licenses	https://jiwon.knowhow-it.com/license/1513		monthly	0.6
licenses	https://jiwon.knowhow-it.com/license/1751		monthly	0.6
licenses	https://jiwon.knowhow-it.com/license/0951		monthly	0.6
licenses	https://jiwon.knowhow-it.com/license/2751		monthly	0.6
licenses	https://jiwon.knowhow-it.com/license/9674		monthly	0.6
licenses	https://jiwon.knowhow-it.com/license/9672		monthly	0.6
licenses	https://jiwon.knowhow-it.com/license/9685		monthly	0.6
licenses	https://jiwon.knowhow-it.com/license/9677		monthly	0.6
licenses	https://jiwon.knowhow-it.com/license/9706		monthly	0.6
licenses	https://jiwon.knowhow-it.com/license/9682		monthly	0.6
licenses	https://jiwon.knowhow-it.com/license/9693		monthly	0.6
licenses	https://jiwon.knowhow-it.com/license/9678		monthly	0.6
licenses	https://jiwon.knowhow-it.com/license/9690		monthly	0.6
licenses	https://jiwon.knowhow-it.com/license/9683		monthly	0.6
licenses	https://jiwon.knowhow-it.com/license/9688		monthly	0.6
licenses	https://jiwon.knowhow-it.com/license/9673		monthly	0.6
licenses	https://jiwon.knowhow-it.com/license/9691		monthly	0.6
licenses	https://jiwon.knowhow-it.com/license/9692		monthly	0.6
licenses	https://jiwon.knowhow-it.com/license/9675		monthly	0.6
licenses	https://jiwon.knowhow-it.com/license/9694		monthly	0.6
licenses	https://jiwon.knowhow-it.com/license/9679		monthly	0.6
licenses	https://jiwon.knowhow-it.com/license/9687		monthly	0.6
licenses	https://jiwon.knowhow-it.com/license/9681		monthly	0.6
licenses	https://jiwon.knowhow-it.com/license/9684		monthly	0.6
licenses	https://jiwon.knowhow-it.com/license/9686		monthly	0.6
licenses	https://jiwon.knowhow-it.com/license/9680		monthly	0.6
licenses	https://jiwon.knowhow-it.com/license/9676		monthly	0.6
licenses	https://jiwon.knowhow-it.com/license/9689		monthly	0.6
licenses	https://jiwon.knowhow-it.com/license/9667		monthly	0.6
licenses	https://jiwon.knowhow-it.com/license/9666		monthly	0.6
licenses	https://jiwon.knowhow-it.com/license/9670		monthly	0.6
licenses	https://jiwon.knowhow-it.com/license/9671		monthly	0.6
licenses	https://jiwon.knowhow-it.com/license/9668		monthly	0.6
licenses	https://jiwon.knowhow-it.com/license/9669		monthly	0.6
licenses	https://jiwon.knowhow-it.com/license/9664		monthly	0.6
licenses	https://jiwon.knowhow-it.com/license/9105		monthly	0.6
licenses	https://jiwon.knowhow-it.com/license/7862		monthly	0.6
licenses	https://jiwon.knowhow-it.com/license/6051		monthly	0.6
licenses	https://jiwon.knowhow-it.com/license/1051		monthly	0.6
licenses	https://jiwon.knowhow-it.com/license/2051		monthly	0.6
licenses	https://jiwon.knowhow-it.com/license/7460		monthly	0.6
licenses	https://jiwon.knowhow-it.com/license/3770		monthly	0.6
licenses	https://jiwon.knowhow-it.com/license/2760		monthly	0.6
licenses	https://jiwon.knowhow-it.com/license/1027		monthly	0.6
licenses	https://jiwon.knowhow-it.com/license/0130		monthly	0.6
licenses	https://jiwon.knowhow-it.com/license/7450		monthly	0.6
licenses	https://jiwon.knowhow-it.com/license/3221		monthly	0.6
licenses	https://jiwon.knowhow-it.com/license/1104		monthly	0.6
licenses	https://jiwon.knowhow-it.com/license/0110		monthly	0.6
licenses	https://jiwon.knowhow-it.com/license/2101		monthly	0.6
licenses	https://jiwon.knowhow-it.com/license/6490		monthly	0.6
licenses	https://jiwon.knowhow-it.com/license/7102		monthly	0.6
licenses	https://jiwon.knowhow-it.com/license/0094		monthly	0.6
licenses	https://jiwon.knowhow-it.com/license/6105		monthly	0.6
licenses	https://jiwon.knowhow-it.com/license/3061		monthly	0.6
licenses	https://jiwon.knowhow-it.com/license/0012		monthly	0.6
licenses	https://jiwon.knowhow-it.com/license/3021		monthly	0.6
licenses	https://jiwon.knowhow-it.com/license/6042		monthly	0.6
licenses	https://jiwon.knowhow-it.com/license/9502		monthly	0.6
licenses	https://jiwon.knowhow-it.com/license/0872		monthly	0.6
licenses	https://jiwon.knowhow-it.com/license/2031		monthly	0.6
licenses	https://jiwon.knowhow-it.com/license/0710		monthly	0.6
licenses	https://jiwon.knowhow-it.com/license/2011		monthly	0.6
licenses	https://jiwon.knowhow-it.com/license/1601		monthly	0.6
licenses	https://jiwon.knowhow-it.com/license/1600		monthly	0.6
licenses	https://jiwon.knowhow-it.com/license/0891		monthly	0.6
licenses	https://jiwon.knowhow-it.com/license/9729		monthly	0.6
licenses	https://jiwon.knowhow-it.com/license/9758		monthly	0.6
licenses	https://jiwon.knowhow-it.com/license/9759		monthly	0.6
licenses	https://jiwon.knowhow-it.com/license/7861		monthly	0.6
licenses	https://jiwon.knowhow-it.com/license/7931		monthly	0.6
licenses	https://jiwon.knowhow-it.com/license/6301		monthly	0.6
licenses	https://jiwon.knowhow-it.com/license/1582		monthly	0.6
licenses	https://jiwon.knowhow-it.com/license/2582		monthly	0.6
licenses	https://jiwon.knowhow-it.com/license/9695		monthly	0.6
licenses	https://jiwon.knowhow-it.com/license/0470		monthly	0.6
licenses	https://jiwon.knowhow-it.com/license/1023		monthly	0.6
licenses	https://jiwon.knowhow-it.com/license/2027		monthly	0.6
licenses	https://jiwon.knowhow-it.com/license/6300		monthly	0.6
licenses	https://jiwon.knowhow-it.com/license/1442		monthly	0.6
licenses	https://jiwon.knowhow-it.com/license/0950		monthly	0.6
licenses	https://jiwon.knowhow-it.com/license/1617		monthly	0.6
licenses	https://jiwon.knowhow-it.com/license/0920		monthly	0.6
licenses	https://jiwon.knowhow-it.com/license/1661		monthly	0.6
licenses	https://jiwon.knowhow-it.com/license/2571		monthly	0.6
licenses	https://jiwon.knowhow-it.com/license/0420		monthly	0.6
licenses	https://jiwon.knowhow-it.com/license/7180		monthly	0.6
licenses	https://jiwon.knowhow-it.com/license/1350		monthly	0.6
licenses	https://jiwon.knowhow-it.com/license/0650		monthly	0.6
licenses	https://jiwon.knowhow-it.com/license/7890		monthly	0.6
licenses	https://jiwon.knowhow-it.com/license/7660		monthly	0.6
licenses	https://jiwon.knowhow-it.com/license/2391		monthly	0.6
licenses	https://jiwon.knowhow-it.com/license/7992		monthly	0.6
licenses	https://jiwon.knowhow-it.com/license/7866		monthly	0.6
licenses	https://jiwon.knowhow-it.com/license/1177		monthly	0.6
licenses	https://jiwon.knowhow-it.com/license/1178		monthly	0.6
licenses	https://jiwon.knowhow-it.com/license/1179		monthly	0.6
licenses	https://jiwon.knowhow-it.com/license/7871		monthly	0.6
licenses	https://jiwon.knowhow-it.com/license/9545		monthly	0.6
licenses	https://jiwon.knowhow-it.com/license/6903		monthly	0.6
licenses	https://jiwon.knowhow-it.com/license/2060		monthly	0.6
licenses	https://jiwon.knowhow-it.com/license/7872		monthly	0.6
licenses	https://jiwon.knowhow-it.com/license/7480		monthly	0.6
licenses	https://jiwon.knowhow-it.com/license/7645		monthly	0.6
licenses	https://jiwon.knowhow-it.com/license/7101		monthly	0.6
licenses	https://jiwon.knowhow-it.com/license/7643		monthly	0.6
licenses	https://jiwon.knowhow-it.com/license/9746		monthly	0.6
licenses	https://jiwon.knowhow-it.com/license/7957		monthly	0.6
licenses	https://jiwon.knowhow-it.com/license/7967		monthly	0.6
licenses	https://jiwon.knowhow-it.com/license/7937		monthly	0.6
licenses	https://jiwon.knowhow-it.com/license/7947		monthly	0.6
licenses	https://jiwon.knowhow-it.com/license/3924		monthly	0.6
licenses	https://jiwon.knowhow-it.com/license/7110		monthly	0.6
licenses	https://jiwon.knowhow-it.com/license/9775		monthly	0.6
licenses	https://jiwon.knowhow-it.com/license/1800		monthly	0.6
licenses	https://jiwon.knowhow-it.com/license/2570		monthly	0.6
licenses	https://jiwon.knowhow-it.com/license/9659		monthly	0.6
licenses	https://jiwon.knowhow-it.com/license/6033		monthly	0.6
licenses	https://jiwon.knowhow-it.com/license/2175		monthly	0.6
licenses	https://jiwon.knowhow-it.com/license/0230		monthly	0.6
licenses	https://jiwon.knowhow-it.com/license/7471		monthly	0.6
licenses	https://jiwon.knowhow-it.com/license/1611		monthly	0.6
licenses	https://jiwon.knowhow-it.com/license/2611		monthly	0.6
licenses	https://jiwon.knowhow-it.com/license/7030		monthly	0.6
licenses	https://jiwon.knowhow-it.com/license/2630		monthly	0.6
licenses	https://jiwon.knowhow-it.com/license/1443		monthly	0.6
licenses	https://jiwon.knowhow-it.com/license/6213		monthly	0.6
licenses	https://jiwon.knowhow-it.com/license/3081		monthly	0.6
licenses	https://jiwon.knowhow-it.com/license/2041		monthly	0.6
licenses	https://jiwon.knowhow-it.com/license/1641		monthly	0.6
licenses	https://jiwon.knowhow-it.com/license/7631		monthly	0.6
licenses	https://jiwon.knowhow-it.com/license/9737		monthly	0.6
licenses	https://jiwon.knowhow-it.com/license/7889		monthly	0.6
licenses	https://jiwon.knowhow-it.com/license/7980		monthly	0.6
licenses	https://jiwon.knowhow-it.com/license/2980		monthly	0.6
licenses	https://jiwon.knowhow-it.com/license/2880		monthly	0.6
licenses	https://jiwon.knowhow-it.com/license/7914		monthly	0.6
licenses	https://jiwon.knowhow-it.com/license/2975		monthly	0.6
licenses	https://jiwon.knowhow-it.com/license/9776		monthly	0.6
licenses	https://jiwon.knowhow-it.com/license/7863		monthly	0.6
licenses	https://jiwon.knowhow-it.com/license/7120		monthly	0.6
licenses	https://jiwon.knowhow-it.com/license/0802		monthly	0.6
licenses	https://jiwon.knowhow-it.com/license/2193		monthly	0.6
licenses	https://jiwon.knowhow-it.com/license/7795		monthly	0.6
licenses	https://jiwon.knowhow-it.com/license/8090		monthly	0.6
licenses	https://jiwon.knowhow-it.com/license/1024		monthly	0.6
licenses	https://jiwon.knowhow-it.com/license/2028		monthly	0.6
licenses	https://jiwon.knowhow-it.com/license/9738		monthly	0.6
licenses	https://jiwon.knowhow-it.com/license/9520		monthly	0.6
licenses	https://jiwon.knowhow-it.com/license/9521		monthly	0.6
licenses	https://jiwon.knowhow-it.com/license/7632		monthly	0.6
licenses	https://jiwon.knowhow-it.com/license/9773		monthly	0.6
licenses	https://jiwon.knowhow-it.com/license/1564		monthly	0.6
licenses	https://jiwon.knowhow-it.com/license/0801		monthly	0.6
licenses	https://jiwon.knowhow-it.com/license/2481		monthly	0.6
licenses	https://jiwon.knowhow-it.com/license/0270		monthly	0.6
licenses	https://jiwon.knowhow-it.com/license/0060		monthly	0.6
licenses	https://jiwon.knowhow-it.com/license/9716		monthly	0.6
licenses	https://jiwon.knowhow-it.com/license/9715		monthly	0.6
licenses	https://jiwon.knowhow-it.com/license/1431		monthly	0.6
licenses	https://jiwon.knowhow-it.com/license/2381		monthly	0.6
licenses	https://jiwon.knowhow-it.com/license/9714		monthly	0.6
licenses	https://jiwon.knowhow-it.com/license/9711		monthly	0.6
licenses	https://jiwon.knowhow-it.com/license/9712		monthly	0.6
licenses	https://jiwon.knowhow-it.com/license/9713		monthly	0.6
licenses	https://jiwon.knowhow-it.com/license/1472		monthly	0.6
licenses	https://jiwon.knowhow-it.com/license/0751		monthly	0.6
licenses	https://jiwon.knowhow-it.com/license/2472		monthly	0.6
licenses	https://jiwon.knowhow-it.com/license/0460		monthly	0.6
licenses	https://jiwon.knowhow-it.com/license/1989		monthly	0.6
licenses	https://jiwon.knowhow-it.com/license/1988		monthly	0.6
licenses	https://jiwon.knowhow-it.com/license/6990		monthly	0.6
licenses	https://jiwon.knowhow-it.com/license/6792		monthly	0.6
licenses	https://jiwon.knowhow-it.com/license/6960		monthly	0.6
licenses	https://jiwon.knowhow-it.com/license/6920		monthly	0.6
licenses	https://jiwon.knowhow-it.com/license/6910		monthly	0.6
licenses	https://jiwon.knowhow-it.com/license/6837		monthly	0.6
licenses	https://jiwon.knowhow-it.com/license/1837		monthly	0.6
licenses	https://jiwon.knowhow-it.com/license/2035		monthly	0.6
licenses	https://jiwon.knowhow-it.com/license/1297		monthly	0.6
licenses	https://jiwon.knowhow-it.com/license/0551		monthly	0.6
licenses	https://jiwon.knowhow-it.com/license/2264		monthly	0.6
licenses	https://jiwon.knowhow-it.com/license/2277		monthly	0.6
licenses	https://jiwon.knowhow-it.com/license/0790		monthly	0.6
licenses	https://jiwon.knowhow-it.com/license/9641		monthly	0.6
licenses	https://jiwon.knowhow-it.com/license/7960		monthly	0.6
licenses	https://jiwon.knowhow-it.com/license/0750		monthly	0.6
licenses	https://jiwon.knowhow-it.com/license/1900		monthly	0.6
licenses	https://jiwon.knowhow-it.com/license/1910		monthly	0.6
licenses	https://jiwon.knowhow-it.com/license/2900		monthly	0.6
licenses	https://jiwon.knowhow-it.com/license/2910		monthly	0.6
licenses	https://jiwon.knowhow-it.com/license/9658		monthly	0.6
licenses	https://jiwon.knowhow-it.com/license/9657		monthly	0.6
licenses	https://jiwon.knowhow-it.com/license/9537		monthly	0.6
licenses	https://jiwon.knowhow-it.com/license/9538		monthly	0.6
licenses	https://jiwon.knowhow-it.com/license/1663		monthly	0.6
licenses	https://jiwon.knowhow-it.com/license/0940		monthly	0.6
licenses	https://jiwon.knowhow-it.com/license/2573		monthly	0.6
licenses	https://jiwon.knowhow-it.com/license/9763		monthly	0.6
licenses	https://jiwon.knowhow-it.com/license/9762		monthly	0.6
licenses	https://jiwon.knowhow-it.com/license/7700		monthly	0.6
licenses	https://jiwon.knowhow-it.com/license/1625		monthly	0.6
licenses	https://jiwon.knowhow-it.com/license/0701		monthly	0.6
licenses	https://jiwon.knowhow-it.com/license/2520		monthly	0.6
licenses	https://jiwon.knowhow-it.com/license/1540		monthly	0.6
licenses	https://jiwon.knowhow-it.com/license/0810		monthly	0.6
licenses	https://jiwon.knowhow-it.com/license/0451		monthly	0.6
licenses	https://jiwon.knowhow-it.com/license/0930		monthly	0.6
licenses	https://jiwon.knowhow-it.com/license/1662		monthly	0.6
licenses	https://jiwon.knowhow-it.com/license/2572		monthly	0.6
licenses	https://jiwon.knowhow-it.com/license/9771		monthly	0.6
licenses	https://jiwon.knowhow-it.com/license/9772		monthly	0.6
licenses	https://jiwon.knowhow-it.com/license/9546		monthly	0.6
licenses	https://jiwon.knowhow-it.com/license/7940		monthly	0.6
licenses	https://jiwon.knowhow-it.com/license/1555		monthly	0.6
licenses	https://jiwon.knowhow-it.com/license/2395		monthly	0.6
licenses	https://jiwon.knowhow-it.com/license/1790		monthly	0.6
licenses	https://jiwon.knowhow-it.com/license/2434		monthly	0.6
licenses	https://jiwon.knowhow-it.com/license/1780		monthly	0.6
licenses	https://jiwon.knowhow-it.com/license/0841		monthly	0.6
licenses	https://jiwon.knowhow-it.com/license/1562		monthly	0.6
licenses	https://jiwon.knowhow-it.com/license/2562		monthly	0.6
licenses	https://jiwon.knowhow-it.com/license/1541		monthly	0.6
licenses	https://jiwon.knowhow-it.com/license/7482		monthly	0.6
licenses	https://jiwon.knowhow-it.com/license/7591		monthly	0.6
licenses	https://jiwon.knowhow-it.com/license/0800		monthly	0.6
licenses	https://jiwon.knowhow-it.com/license/2450		monthly	0.6
licenses	https://jiwon.knowhow-it.com/license/1530		monthly	0.6
licenses	https://jiwon.knowhow-it.com/license/2302		monthly	0.6
licenses	https://jiwon.knowhow-it.com/license/7904		monthly	0.6
licenses	https://jiwon.knowhow-it.com/license/7114		monthly	0.6
licenses	https://jiwon.knowhow-it.com/license/1114		monthly	0.6
licenses	https://jiwon.knowhow-it.com/license/2114		monthly	0.6
licenses	https://jiwon.knowhow-it.com/license/7152		monthly	0.6
licenses	https://jiwon.knowhow-it.com/license/1282		monthly	0.6
licenses	https://jiwon.knowhow-it.com/license/2282		monthly	0.6
licenses	https://jiwon.knowhow-it.com/license/7873		monthly	0.6
licenses	https://jiwon.knowhow-it.com/license/6543		monthly	0.6
licenses	https://jiwon.knowhow-it.com/license/3270		monthly	0.6
licenses	https://jiwon.knowhow-it.com/license/7911		monthly	0.6
licenses	https://jiwon.knowhow-it.com/license/2972		monthly	0.6
licenses	https://jiwon.knowhow-it.com/license/7930		monthly	0.6
licenses	https://jiwon.knowhow-it.com/license/2631		monthly	0.6
licenses	https://jiwon.knowhow-it.com/license/1626		monthly	0.6
licenses	https://jiwon.knowhow-it.com/license/0702		monthly	0.6
licenses	https://jiwon.knowhow-it.com/license/1633		monthly	0.6
licenses	https://jiwon.knowhow-it.com/license/7761		monthly	0.6
licenses	https://jiwon.knowhow-it.com/license/3170		monthly	0.6
licenses	https://jiwon.knowhow-it.com/license/1340		monthly	0.6
licenses	https://jiwon.knowhow-it.com/license/2960		monthly	0.6
licenses	https://jiwon.knowhow-it.com/license/7932		monthly	0.6
licenses	https://jiwon.knowhow-it.com/license/6420		monthly	0.6
licenses	https://jiwon.knowhow-it.com/license/7302		monthly	0.6
licenses	https://jiwon.knowhow-it.com/license/7301		monthly	0.6
licenses	https://jiwon.knowhow-it.com/license/7161		monthly	0.6
licenses	https://jiwon.knowhow-it.com/license/1028		monthly	0.6
licenses	https://jiwon.knowhow-it.com/license/1615		monthly	0.6
licenses	https://jiwon.knowhow-it.com/license/9722		monthly	0.6
licenses	https://jiwon.knowhow-it.com/license/3100		monthly	0.6
licenses	https://jiwon.knowhow-it.com/license/1022		monthly	0.6
licenses	https://jiwon.knowhow-it.com/license/0011		monthly	0.6
licenses	https://jiwon.knowhow-it.com/license/2026		monthly	0.6
licenses	https://jiwon.knowhow-it.com/license/7901		monthly	0.6
licenses	https://jiwon.knowhow-it.com/license/7798		monthly	0.6
licenses	https://jiwon.knowhow-it.com/license/6697		monthly	0.6
licenses	https://jiwon.knowhow-it.com/license/3360		monthly	0.6
licenses	https://jiwon.knowhow-it.com/license/2121		monthly	0.6
licenses	https://jiwon.knowhow-it.com/license/6592		monthly	0.6
licenses	https://jiwon.knowhow-it.com/license/1592		monthly	0.6
licenses	https://jiwon.knowhow-it.com/license/2592		monthly	0.6
licenses	https://jiwon.knowhow-it.com/license/7151		monthly	0.6
licenses	https://jiwon.knowhow-it.com/license/1550		monthly	0.6
licenses	https://jiwon.knowhow-it.com/license/1176		monthly	0.6
licenses	https://jiwon.knowhow-it.com/license/2176		monthly	0.6
licenses	https://jiwon.knowhow-it.com/license/6176		monthly	0.6
licenses	https://jiwon.knowhow-it.com/license/1301		monthly	0.6
licenses	https://jiwon.knowhow-it.com/license/0561		monthly	0.6
licenses	https://jiwon.knowhow-it.com/license/9547		monthly	0.6
licenses	https://jiwon.knowhow-it.com/license/9774		monthly	0.6
licenses	https://jiwon.knowhow-it.com/license/6225		monthly	0.6
licenses	https://jiwon.knowhow-it.com/license/7908		monthly	0.6
licenses	https://jiwon.knowhow-it.com/license/3925		monthly	0.6
licenses	https://jiwon.knowhow-it.com/license/1875		monthly	0.6
licenses	https://jiwon.knowhow-it.com/license/0875		monthly	0.6
licenses	https://jiwon.knowhow-it.com/license/7524		monthly	0.6
licenses	https://jiwon.knowhow-it.com/license/1391		monthly	0.6
licenses	https://jiwon.knowhow-it.com/license/9501		monthly	0.6
licenses	https://jiwon.knowhow-it.com/license/1021		monthly	0.6
licenses	https://jiwon.knowhow-it.com/license/9721		monthly	0.6
licenses	https://jiwon.knowhow-it.com/license/7912		monthly	0.6
licenses	https://jiwon.knowhow-it.com/license/2973		monthly	0.6
licenses	https://jiwon.knowhow-it.com/license/6801		monthly	0.6
licenses	https://jiwon.knowhow-it.com/license/1121		monthly	0.6
licenses	https://jiwon.knowhow-it.com/license/1590		monthly	0.6
licenses	https://jiwon.knowhow-it.com/license/9539		monthly	0.6
licenses	https://jiwon.knowhow-it.com/license/9540		monthly	0.6
licenses	https://jiwon.knowhow-it.com/license/7630		monthly	0.6
licenses	https://jiwon.knowhow-it.com/license/1570		monthly	0.6
licenses	https://jiwon.knowhow-it.com/license/7473		monthly	0.6
licenses	https://jiwon.knowhow-it.com/license/1613		monthly	0.6
licenses	https://jiwon.knowhow-it.com/license/2613		monthly	0.6
licenses	https://jiwon.knowhow-it.com/license/6836		monthly	0.6
licenses	https://jiwon.knowhow-it.com/license/6281		monthly	0.6
licenses	https://jiwon.knowhow-it.com/license/3110		monthly	0.6
licenses	https://jiwon.knowhow-it.com/license/1070		monthly	0.6
licenses	https://jiwon.knowhow-it.com/license/2070		monthly	0.6
licenses	https://jiwon.knowhow-it.com/license/6285		monthly	0.6
licenses	https://jiwon.knowhow-it.com/license/6415		monthly	0.6
licenses	https://jiwon.knowhow-it.com/license/2034		monthly	0.6
licenses	https://jiwon.knowhow-it.com/license/1938		monthly	0.6
licenses	https://jiwon.knowhow-it.com/license/2938		monthly	0.6
licenses	https://jiwon.knowhow-it.com/license/0938		monthly	0.6
licenses	https://jiwon.knowhow-it.com/license/7612		monthly	0.6
licenses	https://jiwon.knowhow-it.com/license/3911		monthly	0.6
licenses	https://jiwon.knowhow-it.com/license/2521		monthly	0.6
licenses	https://jiwon.knowhow-it.com/license/1160		monthly	0.6
licenses	https://jiwon.knowhow-it.com/license/2150		monthly	0.6
licenses	https://jiwon.knowhow-it.com/license/2151		monthly	0.6
licenses	https://jiwon.knowhow-it.com/license/7780		monthly	0.6
licenses	https://jiwon.knowhow-it.com/license/3380		monthly	0.6
licenses	https://jiwon.knowhow-it.com/license/1150		monthly	0.6
licenses	https://jiwon.knowhow-it.com/license/2140		monthly	0.6
licenses	https://jiwon.knowhow-it.com/license/0730		monthly	0.6
licenses	https://jiwon.knowhow-it.com/license/0250		monthly	0.6
licenses	https://jiwon.knowhow-it.com/license/1741		monthly	0.6
licenses	https://jiwon.knowhow-it.com/license/0432		monthly	0.6
licenses	https://jiwon.knowhow-it.com/license/2036		monthly	0.6
licenses	https://jiwon.knowhow-it.com/license/7061		monthly	0.6
licenses	https://jiwon.knowhow-it.com/license/6151		monthly	0.6
licenses	https://jiwon.knowhow-it.com/license/7072		monthly	0.6
licenses	https://jiwon.knowhow-it.com/license/6790		monthly	0.6
licenses	https://jiwon.knowhow-it.com/license/3410		monthly	0.6
licenses	https://jiwon.knowhow-it.com/license/1170		monthly	0.6
licenses	https://jiwon.knowhow-it.com/license/2170		monthly	0.6
licenses	https://jiwon.knowhow-it.com/license/0301		monthly	0.6
licenses	https://jiwon.knowhow-it.com/license/6791		monthly	0.6
licenses	https://jiwon.knowhow-it.com/license/6785		monthly	0.6
licenses	https://jiwon.knowhow-it.com/license/2172		monthly	0.6
licenses	https://jiwon.knowhow-it.com/license/6120		monthly	0.6
licenses	https://jiwon.knowhow-it.com/license/2104		monthly	0.6
licenses	https://jiwon.knowhow-it.com/license/1125		monthly	0.6
licenses	https://jiwon.knowhow-it.com/license/0601		monthly	0.6
licenses	https://jiwon.knowhow-it.com/license/6892		monthly	0.6
licenses	https://jiwon.knowhow-it.com/license/1320		monthly	0.6
licenses	https://jiwon.knowhow-it.com/license/2290		monthly	0.6
licenses	https://jiwon.knowhow-it.com/license/9739		monthly	0.6
licenses	https://jiwon.knowhow-it.com/license/9740		monthly	0.6
licenses	https://jiwon.knowhow-it.com/license/9741		monthly	0.6
licenses	https://jiwon.knowhow-it.com/license/6515		monthly	0.6
licenses	https://jiwon.knowhow-it.com/license/3240		monthly	0.6
licenses	https://jiwon.knowhow-it.com/license/7892		monthly	0.6
licenses	https://jiwon.knowhow-it.com/license/3923		monthly	0.6
licenses	https://jiwon.knowhow-it.com/license/4223		monthly	0.6
licenses	https://jiwon.knowhow-it.com/license/7893		monthly	0.6
licenses	https://jiwon.knowhow-it.com/license/4224		monthly	0.6
licenses	https://jiwon.knowhow-it.com/license/6500		monthly	0.6
licenses	https://jiwon.knowhow-it.com/license/3230		monthly	0.6
licenses	https://jiwon.knowhow-it.com/license/1810		monthly	0.6
licenses	https://jiwon.knowhow-it.com/license/1512		monthly	0.6
licenses	https://jiwon.knowhow-it.com/license/0960		monthly	0.6
licenses	https://jiwon.knowhow-it.com/license/2432		monthly	0.6
licenses	https://jiwon.knowhow-it.com/license/6793		monthly	0.6
licenses	https://jiwon.knowhow-it.com/license/7900		monthly	0.6
licenses	https://jiwon.knowhow-it.com/license/1370		monthly	0.6
licenses	https://jiwon.knowhow-it.com/license/0670		monthly	0.6
licenses	https://jiwon.knowhow-it.com/license/2320		monthly	0.6
licenses	https://jiwon.knowhow-it.com/license/3922		monthly	0.6
licenses	https://jiwon.knowhow-it.com/license/0320		monthly	0.6
licenses	https://jiwon.knowhow-it.com/license/2220		monthly	0.6
licenses	https://jiwon.knowhow-it.com/license/1221		monthly	0.6
licenses	https://jiwon.knowhow-it.com/license/1222		monthly	0.6
licenses	https://jiwon.knowhow-it.com/license/7070		monthly	0.6
licenses	https://jiwon.knowhow-it.com/license/7916		monthly	0.6
licenses	https://jiwon.knowhow-it.com/license/7620		monthly	0.6
licenses	https://jiwon.knowhow-it.com/license/1560		monthly	0.6
licenses	https://jiwon.knowhow-it.com/license/0840		monthly	0.6
licenses	https://jiwon.knowhow-it.com/license/2470		monthly	0.6
licenses	https://jiwon.knowhow-it.com/license/6461		monthly	0.6
licenses	https://jiwon.knowhow-it.com/license/3200		monthly	0.6
licenses	https://jiwon.knowhow-it.com/license/2105		monthly	0.6
licenses	https://jiwon.knowhow-it.com/license/9744		monthly	0.6
licenses	https://jiwon.knowhow-it.com/license/7913		monthly	0.6
licenses	https://jiwon.knowhow-it.com/license/2974		monthly	0.6
licenses	https://jiwon.knowhow-it.com/license/7875		monthly	0.6
licenses	https://jiwon.knowhow-it.com/license/7680		monthly	0.6
licenses	https://jiwon.knowhow-it.com/license/7650		monthly	0.6
licenses	https://jiwon.knowhow-it.com/license/1390		monthly	0.6
licenses	https://jiwon.knowhow-it.com/license/0690		monthly	0.6
licenses	https://jiwon.knowhow-it.com/license/2340		monthly	0.6
licenses	https://jiwon.knowhow-it.com/license/0825		monthly	0.6
licenses	https://jiwon.knowhow-it.com/license/9510		monthly	0.6
licenses	https://jiwon.knowhow-it.com/license/9511		monthly	0.6
licenses	https://jiwon.knowhow-it.com/license/0050		monthly	0.6
licenses	https://jiwon.knowhow-it.com/license/7483		monthly	0.6
licenses	https://jiwon.knowhow-it.com/license/7864		monthly	0.6
licenses	https://jiwon.knowhow-it.com/license/7080		monthly	0.6
licenses	https://jiwon.knowhow-it.com/license/0430		monthly	0.6
licenses	https://jiwon.knowhow-it.com/license/2042		monthly	0.6
licenses	https://jiwon.knowhow-it.com/license/2043		monthly	0.6
licenses	https://jiwon.knowhow-it.com/license/1740		monthly	0.6
licenses	https://jiwon.knowhow-it.com/license/0261		monthly	0.6
licenses	https://jiwon.knowhow-it.com/license/2160		monthly	0.6
licenses	https://jiwon.knowhow-it.com/license/2045		monthly	0.6
licenses	https://jiwon.knowhow-it.com/license/6772		monthly	0.6
licenses	https://jiwon.knowhow-it.com/license/1030		monthly	0.6
licenses	https://jiwon.knowhow-it.com/license/0431		monthly	0.6
licenses	https://jiwon.knowhow-it.com/license/2030		monthly	0.6
licenses	https://jiwon.knowhow-it.com/license/6352		monthly	0.6
licenses	https://jiwon.knowhow-it.com/license/3150		monthly	0.6
licenses	https://jiwon.knowhow-it.com/license/7010		monthly	0.6
licenses	https://jiwon.knowhow-it.com/license/1760		monthly	0.6
licenses	https://jiwon.knowhow-it.com/license/7472		monthly	0.6
licenses	https://jiwon.knowhow-it.com/license/1612		monthly	0.6
licenses	https://jiwon.knowhow-it.com/license/2612		monthly	0.6
licenses	https://jiwon.knowhow-it.com/license/6381		monthly	0.6
licenses	https://jiwon.knowhow-it.com/license/7481		monthly	0.6
licenses	https://jiwon.knowhow-it.com/license/1581		monthly	0.6
licenses	https://jiwon.knowhow-it.com/license/0851		monthly	0.6
licenses	https://jiwon.knowhow-it.com/license/2491		monthly	0.6
licenses	https://jiwon.knowhow-it.com/license/6980		monthly	0.6
licenses	https://jiwon.knowhow-it.com/license/1380		monthly	0.6
licenses	https://jiwon.knowhow-it.com/license/0680		monthly	0.6
licenses	https://jiwon.knowhow-it.com/license/2330		monthly	0.6
licenses	https://jiwon.knowhow-it.com/license/7474		monthly	0.6
licenses	https://jiwon.knowhow-it.com/license/1614		monthly	0.6
licenses	https://jiwon.knowhow-it.com/license/2614		monthly	0.6
licenses	https://jiwon.knowhow-it.com/license/9535		monthly	0.6
licenses	https://jiwon.knowhow-it.com/license/9536		monthly	0.6
licenses	https://jiwon.knowhow-it.com/license/7835		monthly	0.6
licenses	https://jiwon.knowhow-it.com/license/1982		monthly	0.6
licenses	https://jiwon.knowhow-it.com/license/2982		monthly	0.6
licenses	https://jiwon.knowhow-it.com/license/7796		monthly	0.6
licenses	https://jiwon.knowhow-it.com/license/1998		monthly	0.6
licenses	https://jiwon.knowhow-it.com/license/0622		monthly	0.6
licenses	https://jiwon.knowhow-it.com/license/2025		monthly	0.6
licenses	https://jiwon.knowhow-it.com/license/6032		monthly	0.6
licenses	https://jiwon.knowhow-it.com/license/6012		monthly	0.6
licenses	https://jiwon.knowhow-it.com/license/7020		monthly	0.6
licenses	https://jiwon.knowhow-it.com/license/1048		monthly	0.6
licenses	https://jiwon.knowhow-it.com/license/2048		monthly	0.6
licenses	https://jiwon.knowhow-it.com/license/7834		monthly	0.6
licenses	https://jiwon.knowhow-it.com/license/7210		monthly	0.6
licenses	https://jiwon.knowhow-it.com/license/9541		monthly	0.6
licenses	https://jiwon.knowhow-it.com/license/0400		monthly	0.6
licenses	https://jiwon.knowhow-it.com/license/1250		monthly	0.6
licenses	https://jiwon.knowhow-it.com/license/2240		monthly	0.6
licenses	https://jiwon.knowhow-it.com/license/0480		monthly	0.6
licenses	https://jiwon.knowhow-it.com/license/0481		monthly	0.6
licenses	https://jiwon.knowhow-it.com/license/1948		monthly	0.6
licenses	https://jiwon.knowhow-it.com/license/0948		monthly	0.6
licenses	https://jiwon.knowhow-it.com/license/0390		monthly	0.6
licenses	https://jiwon.knowhow-it.com/license/6175		monthly	0.6
licenses	https://jiwon.knowhow-it.com/license/3095		monthly	0.6
licenses	https://jiwon.knowhow-it.com/license/2012		monthly	0.6
licenses	https://jiwon.knowhow-it.com/license/2301		monthly	0.6
licenses	https://jiwon.knowhow-it.com/license/2085		monthly	0.6
licenses	https://jiwon.knowhow-it.com/license/7646		monthly	0.6
licenses	https://jiwon.knowhow-it.com/license/1950		monthly	0.6
licenses	https://jiwon.knowhow-it.com/license/0970		monthly	0.6
licenses	https://jiwon.knowhow-it.com/license/2950		monthly	0.6
licenses	https://jiwon.knowhow-it.com/license/1511		monthly	0.6
licenses	https://jiwon.knowhow-it.com/license/0780		monthly	0.6
licenses	https://jiwon.knowhow-it.com/license/2431		monthly	0.6
licenses	https://jiwon.knowhow-it.com/license/6835		monthly	0.6
licenses	https://jiwon.knowhow-it.com/license/6480		monthly	0.6
licenses	https://jiwon.knowhow-it.com/license/3210		monthly	0.6
licenses	https://jiwon.knowhow-it.com/license/0120		monthly	0.6
licenses	https://jiwon.knowhow-it.com/license/2106		monthly	0.6
licenses	https://jiwon.knowhow-it.com/license/1500		monthly	0.6
licenses	https://jiwon.knowhow-it.com/license/2420		monthly	0.6
licenses	https://jiwon.knowhow-it.com/license/0770		monthly	0.6
licenses	https://jiwon.knowhow-it.com/license/8080		monthly	0.6
licenses	https://jiwon.knowhow-it.com/license/1025		monthly	0.6
licenses	https://jiwon.knowhow-it.com/license/2029		monthly	0.6
licenses	https://jiwon.knowhow-it.com/license/6921		monthly	0.6
licenses	https://jiwon.knowhow-it.com/license/7103		monthly	0.6
licenses	https://jiwon.knowhow-it.com/license/6223		monthly	0.6
licenses	https://jiwon.knowhow-it.com/license/7917		monthly	0.6
licenses	https://jiwon.knowhow-it.com/license/2551		monthly	0.6
licenses	https://jiwon.knowhow-it.com/license/9660		monthly	0.6
licenses	https://jiwon.knowhow-it.com/license/7723		monthly	0.6
licenses	https://jiwon.knowhow-it.com/license/3643		monthly	0.6
licenses	https://jiwon.knowhow-it.com/license/2268		monthly	0.6
licenses	https://jiwon.knowhow-it.com/license/7910		monthly	0.6
licenses	https://jiwon.knowhow-it.com/license/2971		monthly	0.6
licenses	https://jiwon.knowhow-it.com/license/0370		monthly	0.6
licenses	https://jiwon.knowhow-it.com/license/1240		monthly	0.6
licenses	https://jiwon.knowhow-it.com/license/6288		monthly	0.6
licenses	https://jiwon.knowhow-it.com/license/0360		monthly	0.6
licenses	https://jiwon.knowhow-it.com/license/7670		monthly	0.6
licenses	https://jiwon.knowhow-it.com/license/2230		monthly	0.6
licenses	https://jiwon.knowhow-it.com/license/6289		monthly	0.6
licenses	https://jiwon.knowhow-it.com/license/6351		monthly	0.6
licenses	https://jiwon.knowhow-it.com/license/1351		monthly	0.6
licenses	https://jiwon.knowhow-it.com/license/2351		monthly	0.6
licenses	https://jiwon.knowhow-it.com/license/0410		monthly	0.6
licenses	https://jiwon.knowhow-it.com/license/9723		monthly	0.6
licenses	https://jiwon.knowhow-it.com/license/1403		monthly	0.6
licenses	https://jiwon.knowhow-it.com/license/0700		monthly	0.6
licenses	https://jiwon.knowhow-it.com/license/1402		monthly	0.6
licenses	https://jiwon.knowhow-it.com/license/2350		monthly	0.6
licenses	https://jiwon.knowhow-it.com/license/1401		monthly	0.6
licenses	https://jiwon.knowhow-it.com/license/9662		monthly	0.6
licenses	https://jiwon.knowhow-it.com/license/9663		monthly	0.6
licenses	https://jiwon.knowhow-it.com/license/9665		monthly	0.6
licenses	https://jiwon.knowhow-it.com/license/1110		monthly	0.6
licenses	https://jiwon.knowhow-it.com/license/0210		monthly	0.6
licenses	https://jiwon.knowhow-it.com/license/0720		monthly	0.6
licenses	https://jiwon.knowhow-it.com/license/1140		monthly	0.6
licenses	https://jiwon.knowhow-it.com/license/0591		monthly	0.6
licenses	https://jiwon.knowhow-it.com/license/2130		monthly	0.6
licenses	https://jiwon.knowhow-it.com/license/1130		monthly	0.6
licenses	https://jiwon.knowhow-it.com/license/2120		monthly	0.6
licenses	https://jiwon.knowhow-it.com/license/7970		monthly	0.6
licenses	https://jiwon.knowhow-it.com/license/1441		monthly	0.6
licenses	https://jiwon.knowhow-it.com/license/2441		monthly	0.6
licenses	https://jiwon.knowhow-it.com/license/6560		monthly	0.6
licenses	https://jiwon.knowhow-it.com/license/1563		monthly	0.6
licenses	https://jiwon.knowhow-it.com/license/7625		monthly	0.6
licenses	https://jiwon.knowhow-it.com/license/1576		monthly	0.6
licenses	https://jiwon.knowhow-it.com/license/2625		monthly	0.6
licenses	https://jiwon.knowhow-it.com/license/7918		monthly	0.6
licenses	https://jiwon.knowhow-it.com/license/1029		monthly	0.6
housing	https://jiwon.knowhow-it.com/housing/jeonse/newlywed		daily	0.8
housing	https://jiwon.knowhow-it.com/housing/jeonse/newlywed/경기도		daily	0.7
housing	https://jiwon.knowhow-it.com/housing/jeonse/newlywed/전북특별자치도		daily	0.7
housing	https://jiwon.knowhow-it.com/housing/jeonse/newlywed/경상남도		daily	0.7
housing	https://jiwon.knowhow-it.com/housing/jeonse/newlywed/전남광주통합특별시		daily	0.7
housing	https://jiwon.knowhow-it.com/housing/jeonse/newlywed/충청남도		daily	0.7
housing	https://jiwon.knowhow-it.com/housing/jeonse/newlywed/울산광역시		daily	0.7
housing	https://jiwon.knowhow-it.com/housing/jeonse/newlywed/제주특별자치도		daily	0.7
housing	https://jiwon.knowhow-it.com/housing/wolse/newlywed		daily	0.8
housing	https://jiwon.knowhow-it.com/housing/wolse/newlywed/경기도		daily	0.7
housing	https://jiwon.knowhow-it.com/housing/wolse/newlywed/전남광주통합특별시		daily	0.7
housing	https://jiwon.knowhow-it.com/housing/wolse/newlywed/경상남도		daily	0.7
housing	https://jiwon.knowhow-it.com/housing/wolse/newlywed/전북특별자치도		daily	0.7
housing	https://jiwon.knowhow-it.com/housing/wolse/newlywed/제주특별자치도		daily	0.7
housing	https://jiwon.knowhow-it.com/housing/wolse/newlywed/충청남도		daily	0.7
housing	https://jiwon.knowhow-it.com/housing/wolse/newlywed/서울특별시		daily	0.7
housing	https://jiwon.knowhow-it.com/housing/wolse/newlywed/충청북도		daily	0.7
housing	https://jiwon.knowhow-it.com/housing/wolse/newlywed/울산광역시		daily	0.7
housing	https://jiwon.knowhow-it.com/housing/buy/newlywed		daily	0.8
housing	https://jiwon.knowhow-it.com/housing/buy/newlywed/경기도		daily	0.7
housing	https://jiwon.knowhow-it.com/housing/buy/newlywed/전남광주통합특별시		daily	0.7
housing	https://jiwon.knowhow-it.com/housing/buy/newlywed/울산광역시		daily	0.7
housing	https://jiwon.knowhow-it.com/housing/buy/newlywed/전북특별자치도		daily	0.7
housing	https://jiwon.knowhow-it.com/housing/jeonse/youth		daily	0.8
housing	https://jiwon.knowhow-it.com/housing/jeonse/youth/경기도		daily	0.7
housing	https://jiwon.knowhow-it.com/housing/jeonse/youth/전북특별자치도		daily	0.7
housing	https://jiwon.knowhow-it.com/housing/jeonse/youth/전남광주통합특별시		daily	0.7
housing	https://jiwon.knowhow-it.com/housing/jeonse/youth/충청남도		daily	0.7
housing	https://jiwon.knowhow-it.com/housing/jeonse/youth/부산광역시		daily	0.7
housing	https://jiwon.knowhow-it.com/housing/jeonse/youth/서울특별시		daily	0.7
housing	https://jiwon.knowhow-it.com/housing/jeonse/youth/충청북도		daily	0.7
housing	https://jiwon.knowhow-it.com/housing/jeonse/youth/경상남도		daily	0.7
housing	https://jiwon.knowhow-it.com/housing/jeonse/youth/경상북도		daily	0.7
housing	https://jiwon.knowhow-it.com/housing/jeonse/youth/세종특별자치시		daily	0.7
housing	https://jiwon.knowhow-it.com/housing/wolse/youth		daily	0.8
housing	https://jiwon.knowhow-it.com/housing/wolse/youth/경기도		daily	0.7
housing	https://jiwon.knowhow-it.com/housing/wolse/youth/전남광주통합특별시		daily	0.7
housing	https://jiwon.knowhow-it.com/housing/wolse/youth/전북특별자치도		daily	0.7
housing	https://jiwon.knowhow-it.com/housing/wolse/youth/충청남도		daily	0.7
housing	https://jiwon.knowhow-it.com/housing/wolse/youth/부산광역시		daily	0.7
housing	https://jiwon.knowhow-it.com/housing/wolse/youth/서울특별시		daily	0.7
housing	https://jiwon.knowhow-it.com/housing/wolse/youth/경상남도		daily	0.7
housing	https://jiwon.knowhow-it.com/housing/wolse/youth/충청북도		daily	0.7
housing	https://jiwon.knowhow-it.com/housing/wolse/youth/경상북도		daily	0.7
housing	https://jiwon.knowhow-it.com/housing/wolse/youth/제주특별자치도		daily	0.7
housing	https://jiwon.knowhow-it.com/housing/wolse/youth/세종특별자치시		daily	0.7
housing	https://jiwon.knowhow-it.com/housing/wolse/youth/강원특별자치도		daily	0.7
housing	https://jiwon.knowhow-it.com/housing/buy/youth		daily	0.8
housing	https://jiwon.knowhow-it.com/housing/buy/youth/전남광주통합특별시		daily	0.7
housing	https://jiwon.knowhow-it.com/housing/buy/youth/경기도		daily	0.7
housing	https://jiwon.knowhow-it.com/housing/buy/youth/충청남도		daily	0.7
housing	https://jiwon.knowhow-it.com/housing/buy/youth/부산광역시		daily	0.7
housing	https://jiwon.knowhow-it.com/housing/buy/youth/전북특별자치도		daily	0.7
housing	https://jiwon.knowhow-it.com/housing/jeonse/nohouse		daily	0.8
housing	https://jiwon.knowhow-it.com/housing/jeonse/nohouse/경기도		daily	0.7
housing	https://jiwon.knowhow-it.com/housing/jeonse/nohouse/충청남도		daily	0.7
housing	https://jiwon.knowhow-it.com/housing/jeonse/nohouse/전북특별자치도		daily	0.7
housing	https://jiwon.knowhow-it.com/housing/jeonse/nohouse/경상남도		daily	0.7
housing	https://jiwon.knowhow-it.com/housing/jeonse/nohouse/전남광주통합특별시		daily	0.7
housing	https://jiwon.knowhow-it.com/housing/jeonse/nohouse/경상북도		daily	0.7
housing	https://jiwon.knowhow-it.com/housing/jeonse/nohouse/부산광역시		daily	0.7
housing	https://jiwon.knowhow-it.com/housing/jeonse/nohouse/인천광역시		daily	0.7
housing	https://jiwon.knowhow-it.com/housing/jeonse/nohouse/충청북도		daily	0.7
housing	https://jiwon.knowhow-it.com/housing/jeonse/nohouse/울산광역시		daily	0.7
housing	https://jiwon.knowhow-it.com/housing/jeonse/nohouse/강원특별자치도		daily	0.7
housing	https://jiwon.knowhow-it.com/housing/jeonse/nohouse/서울특별시		daily	0.7
housing	https://jiwon.knowhow-it.com/housing/jeonse/nohouse/세종특별자치시		daily	0.7
housing	https://jiwon.knowhow-it.com/housing/jeonse/nohouse/제주특별자치도		daily	0.7
housing	https://jiwon.knowhow-it.com/housing/wolse/nohouse		daily	0.8
housing	https://jiwon.knowhow-it.com/housing/wolse/nohouse/경기도		daily	0.7
housing	https://jiwon.knowhow-it.com/housing/wolse/nohouse/전남광주통합특별시		daily	0.7
housing	https://jiwon.knowhow-it.com/housing/wolse/nohouse/충청남도		daily	0.7
housing	https://jiwon.knowhow-it.com/housing/wolse/nohouse/부산광역시		daily	0.7
housing	https://jiwon.knowhow-it.com/housing/wolse/nohouse/경상남도		daily	0.7
housing	https://jiwon.knowhow-it.com/housing/wolse/nohouse/전북특별자치도		daily	0.7
housing	https://jiwon.knowhow-it.com/housing/wolse/nohouse/서울특별시		daily	0.7
housing	https://jiwon.knowhow-it.com/housing/wolse/nohouse/충청북도		daily	0.7
housing	https://jiwon.knowhow-it.com/housing/wolse/nohouse/인천광역시		daily	0.7
housing	https://jiwon.knowhow-it.com/housing/wolse/nohouse/제주특별자치도		daily	0.7
housing	https://jiwon.knowhow-it.com/housing/wolse/nohouse/세종특별자치시		daily	0.7
housing	https://jiwon.knowhow-it.com/housing/wolse/nohouse/울산광역시		daily	0.7
housing	https://jiwon.knowhow-it.com/housing/wolse/nohouse/경상북도		daily	0.7
housing	https://jiwon.knowhow-it.com/housing/wolse/nohouse/대구광역시		daily	0.7
housing	https://jiwon.knowhow-it.com/housing/wolse/nohouse/강원특별자치도		daily	0.7
housing	https://jiwon.knowhow-it.com/housing/buy/nohouse		daily	0.8
housing	https://jiwon.knowhow-it.com/housing/buy/nohouse/충청남도		daily	0.7
housing	https://jiwon.knowhow-it.com/housing/buy/nohouse/경기도		daily	0.7
housing	https://jiwon.knowhow-it.com/housing/buy/nohouse/전북특별자치도		daily	0.7
housing	https://jiwon.knowhow-it.com/housing/buy/nohouse/전남광주통합특별시		daily	0.7
posts	https://jiwon.knowhow-it.com/blog/youth-future-savings		daily	0.9
posts	https://jiwon.knowhow-it.com/blog/income		monthly	0.8
posts	https://jiwon.knowhow-it.com/blog/gojobs-guide		monthly	0.9
posts	https://jiwon.knowhow-it.com/story/jeonse-extension		monthly	0.9
posts	https://jiwon.knowhow-it.com/blog/government-subsidy-types	2026-09-06	monthly	0.6
posts	https://jiwon.knowhow-it.com/blog/how-to-apply	2026-09-06	monthly	0.6
posts	https://jiwon.knowhow-it.com/blog/youth-support	2026-09-06	monthly	0.6
posts	https://jiwon.knowhow-it.com/blog/sme-startup-support	2026-09-06	monthly	0.6
posts	https://jiwon.knowhow-it.com/blog/check-eligibility	2026-09-06	monthly	0.6
posts	https://jiwon.knowhow-it.com/blog/national-employment-support	2026-09-12	monthly	0.6
posts	https://jiwon.knowhow-it.com/blog/youth-benefits	2026-09-12	monthly	0.6
posts	https://jiwon.knowhow-it.com/blog/social-worker-license	2026-09-12	monthly	0.6
posts	https://jiwon.knowhow-it.com/blog/vocational-training-card	2026-09-12	monthly	0.6
posts	https://jiwon.knowhow-it.com/blog/public-job-cover-letter	2026-10-07	monthly	0.6
posts	https://jiwon.knowhow-it.com/story/org-법무부	2026-10-08	weekly	0.8
posts	https://jiwon.knowhow-it.com/story/topic-jeonse-youth	2026-10-07	weekly	0.8
posts	https://jiwon.knowhow-it.com/story/region-강원특별자치도	2026-10-06	weekly	0.8
posts	https://jiwon.knowhow-it.com/story/org-방위사업청	2026-10-04	weekly	0.8
posts	https://jiwon.knowhow-it.com/story/topic-jeonse-newlywed	2026-10-03	weekly	0.8
posts	https://jiwon.knowhow-it.com/story/region-경기도	2026-10-02	weekly	0.8
posts	https://jiwon.knowhow-it.com/story/role-nurse	2026-10-02	weekly	0.8
posts	https://jiwon.knowhow-it.com/story/org-한국농어촌공사	2026-10-02	weekly	0.8
posts	https://jiwon.knowhow-it.com/story/topic-wolse-youth	2026-10-02	weekly	0.8
